collected_at_utc,collected_at_tehran,source,symbol,fund_name,ins_code,last_price,closing_price,yesterday_price,price_change,price_change_percent,nav_subscription,nav_redemption
2026-08-15T15:57:35.260913+00:00,2026-08-15T19:27:35.260913+03:30,TGJU,آتش,صندوق طلای آتش,,33980,,33604,376,1.12,,
2026-08-15T15:57:35.260913+00:00,2026-08-15T19:27:35.260913+03:30,TGJU,آلتون,صندوق طلای آلتون,,60367,,59604,763,1.28,,
2026-08-15T15:57:35.260913+00:00,2026-08-15T19:27:35.260913+03:30,TGJU,امرالد,صندوق طلای امرالد,,25419,,25130,289,1.15,,
2026-08-15T15:57:35.260913+00:00,2026-08-15T19:27:35.260913+03:30,TGJU,تابش,صندوق طلای تابش,,76193,,75230,963,1.28,,
2026-08-15T15:57:35.260913+00:00,2026-08-15T19:27:35.260913+03:30,TGJU,جام طلا,صندوق طلای جام طلا,,17100,,16861,239,1.42,,
2026-08-15T15:57:35.260913+00:00,2026-08-15T19:27:35.260913+03:30,TGJU,جواهر,صندوق طلای جواهر,,71020,,70157,863,1.23,,
2026-08-15T15:57:35.260913+00:00,2026-08-15T19:27:35.260913+03:30,TGJU,درخشان,صندوق طلای درخشان,,34300,,33816,484,1.43,,
2026-08-15T15:57:35.260913+00:00,2026-08-15T19:27:35.260913+03:30,TGJU,درنا,صندوق طلای درنا,,21600,,21350,250,1.17,,
2026-08-15T15:57:35.260913+00:00,2026-08-15T19:27:35.260913+03:30,TGJU,رز ترنج,صندوق طلای رز ترنج,,23441,,23131,310,1.34,,
2026-08-15T15:57:35.260913+00:00,2026-08-15T19:27:35.260913+03:30,TGJU,رزگلد,صندوق طلای رزگلد,,17707,,17440,267,1.53,,
2026-08-15T15:57:35.260913+00:00,2026-08-15T19:27:35.260913+03:30,TGJU,ریتون,صندوق طلای ریتون,,18250,,17994,256,1.42,,
2026-08-15T15:57:35.260913+00:00,2026-08-15T19:27:35.260913+03:30,TGJU,زر,صندوق طلای زر,,810552,,800387,10165,1.27,,
2026-08-15T15:57:35.260913+00:00,2026-08-15T19:27:35.260913+03:30,TGJU,زرفام,صندوق طلای زرفام,,139781,,138287,1494,1.08,,
2026-08-15T15:57:35.260913+00:00,2026-08-15T19:27:35.260913+03:30,TGJU,زرگر,صندوق طلای زرگر,,19289,,19077,212,1.11,,
2026-08-15T15:57:35.260913+00:00,2026-08-15T19:27:35.260913+03:30,TGJU,زروان,صندوق طلای زروان,,38300,,37820,480,1.27,,
2026-08-15T15:57:35.260913+00:00,2026-08-15T19:27:35.260913+03:30,TGJU,زمرد,صندوق طلای زمرد,,26335,,25874,461,1.78,,
2026-08-15T15:57:35.260913+00:00,2026-08-15T19:27:35.260913+03:30,TGJU,عیار,صندوق طلای عیار,,527315,,518195,9120,1.76,,
2026-08-15T15:57:35.260913+00:00,2026-08-15T19:27:35.260913+03:30,TGJU,قیراط,صندوق طلای قیراط,,33801,,33341,460,1.38,,
2026-08-15T15:57:35.260913+00:00,2026-08-15T19:27:35.260913+03:30,TGJU,کهربا,صندوق طلای کهربا,,183351,,181213,2138,1.18,,
2026-08-15T15:57:35.260913+00:00,2026-08-15T19:27:35.260913+03:30,TGJU,گلدا,صندوق طلای گلدا,,17265,,16950,315,1.86,,
2026-08-15T15:57:35.260913+00:00,2026-08-15T19:27:35.260913+03:30,TGJU,گلدیس,صندوق طلای گلدیس,,37250,,36739,511,1.39,,
2026-08-15T15:57:35.260913+00:00,2026-08-15T19:27:35.260913+03:30,TGJU,گنج,صندوق طلای گنج,,164200,,161662,2538,1.57,,
2026-08-15T15:57:35.260913+00:00,2026-08-15T19:27:35.260913+03:30,TGJU,گوهر,صندوق طلای گوهر,,908440,,896516,11924,1.33,,
2026-08-15T15:57:35.260913+00:00,2026-08-15T19:27:35.260913+03:30,TGJU,لوتوس,صندوق طلای لوتوس,,1353895,,1331787,22108,1.66,,
2026-08-15T15:57:35.260913+00:00,2026-08-15T19:27:35.260913+03:30,TGJU,لیان,صندوق طلای لیان,,34900,,34445,455,1.32,,
2026-08-15T15:57:35.260913+00:00,2026-08-15T19:27:35.260913+03:30,TGJU,مثقال,صندوق طلای مثقال,,153390,,150856,2534,1.68,,
2026-08-15T15:57:35.260913+00:00,2026-08-15T19:27:35.260913+03:30,TGJU,ناب,صندوق طلای ناب,,64649,,63700,949,1.49,,
2026-08-15T15:57:35.260913+00:00,2026-08-15T19:27:35.260913+03:30,TGJU,نفیس,صندوق طلای نفیس,,110334,,108682,1652,1.52,,
2026-08-15T15:57:35.260913+00:00,2026-08-15T19:27:35.260913+03:30,TGJU,نگین فارس,صندوق طلای نگین فارس,,14595,,14352,243,1.69,,
2026-08-15T15:57:35.260913+00:00,2026-08-15T19:27:35.260913+03:30,TGJU,همیان,صندوق طلای همیان,,16650,,16375,275,1.68,,
2026-08-15T15:57:35.260913+00:00,2026-08-15T19:27:35.260913+03:30,TGJU,میراث,صندوق طلای میراث,,11318,,11133,185,1.66,,
2026-08-15T15:57:35.260913+00:00,2026-08-15T19:27:35.260913+03:30,TGJU,نهال,صندوق طلای نهال,,64540,,64508,32,0.05,,
2026-08-15T15:57:35.260913+00:00,2026-08-15T19:27:35.260913+03:30,TGJU,سافرون,صندوق طلای سافرون,,65363,,65109,254,0.39,,
2026-08-16T08:57:38.650848+00:00,2026-08-16T12:27:38.650848+03:30,TGJU,آتش,صندوق طلای آتش,,33980,,33980,0,0,,
2026-08-16T08:57:38.650848+00:00,2026-08-16T12:27:38.650848+03:30,TGJU,آلتون,صندوق طلای آلتون,,60367,,60367,0,0,,
2026-08-16T08:57:38.650848+00:00,2026-08-16T12:27:38.650848+03:30,TGJU,امرالد,صندوق طلای امرالد,,25419,,25419,0,0,,
2026-08-16T08:57:38.650848+00:00,2026-08-16T12:27:38.650848+03:30,TGJU,تابش,صندوق طلای تابش,,76193,,76193,0,0,,
2026-08-16T08:57:38.650848+00:00,2026-08-16T12:27:38.650848+03:30,TGJU,جام طلا,صندوق طلای جام طلا,,17100,,17100,0,0,,
2026-08-16T08:57:38.650848+00:00,2026-08-16T12:27:38.650848+03:30,TGJU,جواهر,صندوق طلای جواهر,,71020,,71020,0,0,,
2026-08-16T08:57:38.650848+00:00,2026-08-16T12:27:38.650848+03:30,TGJU,درخشان,صندوق طلای درخشان,,34300,,34300,0,0,,
2026-08-16T08:57:38.650848+00:00,2026-08-16T12:27:38.650848+03:30,TGJU,درنا,صندوق طلای درنا,,21600,,21600,0,0,,
2026-08-16T08:57:38.650848+00:00,2026-08-16T12:27:38.650848+03:30,TGJU,رز ترنج,صندوق طلای رز ترنج,,23441,,23441,0,0,,
2026-08-16T08:57:38.650848+00:00,2026-08-16T12:27:38.650848+03:30,TGJU,رزگلد,صندوق طلای رزگلد,,17707,,17707,0,0,,
2026-08-16T08:57:38.650848+00:00,2026-08-16T12:27:38.650848+03:30,TGJU,ریتون,صندوق طلای ریتون,,18250,,18250,0,0,,
2026-08-16T08:57:38.650848+00:00,2026-08-16T12:27:38.650848+03:30,TGJU,زر,صندوق طلای زر,,810552,,810552,0,0,,
2026-08-16T08:57:38.650848+00:00,2026-08-16T12:27:38.650848+03:30,TGJU,زرفام,صندوق طلای زرفام,,139781,,139781,0,0,,
2026-08-16T08:57:38.650848+00:00,2026-08-16T12:27:38.650848+03:30,TGJU,زرگر,صندوق طلای زرگر,,19289,,19289,0,0,,
2026-08-16T08:57:38.650848+00:00,2026-08-16T12:27:38.650848+03:30,TGJU,زروان,صندوق طلای زروان,,38300,,38300,0,0,,
2026-08-16T08:57:38.650848+00:00,2026-08-16T12:27:38.650848+03:30,TGJU,زمرد,صندوق طلای زمرد,,26335,,26335,0,0,,
2026-08-16T08:57:38.650848+00:00,2026-08-16T12:27:38.650848+03:30,TGJU,عیار,صندوق طلای عیار,,527315,,527315,0,0,,
2026-08-16T08:57:38.650848+00:00,2026-08-16T12:27:38.650848+03:30,TGJU,قیراط,صندوق طلای قیراط,,33801,,33801,0,0,,
2026-08-16T08:57:38.650848+00:00,2026-08-16T12:27:38.650848+03:30,TGJU,کهربا,صندوق طلای کهربا,,183351,,183351,0,0,,
2026-08-16T08:57:38.650848+00:00,2026-08-16T12:27:38.650848+03:30,TGJU,گلدا,صندوق طلای گلدا,,17265,,17265,0,0,,
2026-08-16T08:57:38.650848+00:00,2026-08-16T12:27:38.650848+03:30,TGJU,گلدیس,صندوق طلای گلدیس,,37250,,37250,0,0,,
2026-08-16T08:57:38.650848+00:00,2026-08-16T12:27:38.650848+03:30,TGJU,گنج,صندوق طلای گنج,,164200,,164200,0,0,,
2026-08-16T08:57:38.650848+00:00,2026-08-16T12:27:38.650848+03:30,TGJU,گوهر,صندوق طلای گوهر,,908440,,908440,0,0,,
2026-08-16T08:57:38.650848+00:00,2026-08-16T12:27:38.650848+03:30,TGJU,لوتوس,صندوق طلای لوتوس,,1353895,,1353895,0,0,,
2026-08-16T08:57:38.650848+00:00,2026-08-16T12:27:38.650848+03:30,TGJU,لیان,صندوق طلای لیان,,34900,,34900,0,0,,
2026-08-16T08:57:38.650848+00:00,2026-08-16T12:27:38.650848+03:30,TGJU,مثقال,صندوق طلای مثقال,,153390,,153390,0,0,,
2026-08-16T08:57:38.650848+00:00,2026-08-16T12:27:38.650848+03:30,TGJU,ناب,صندوق طلای ناب,,64649,,64649,0,0,,
2026-08-16T08:57:38.650848+00:00,2026-08-16T12:27:38.650848+03:30,TGJU,نفیس,صندوق طلای نفیس,,110334,,110334,0,0,,
2026-08-16T08:57:38.650848+00:00,2026-08-16T12:27:38.650848+03:30,TGJU,نگین فارس,صندوق طلای نگین فارس,,14595,,14595,0,0,,
2026-08-16T08:57:38.650848+00:00,2026-08-16T12:27:38.650848+03:30,TGJU,همیان,صندوق طلای همیان,,16650,,16650,0,0,,
2026-08-16T08:57:38.650848+00:00,2026-08-16T12:27:38.650848+03:30,TGJU,میراث,صندوق طلای میراث,,11318,,11318,0,0,,
2026-08-16T08:57:38.650848+00:00,2026-08-16T12:27:38.650848+03:30,TGJU,نهال,صندوق طلای نهال,,64540,,64540,0,0,,
2026-08-16T08:57:38.650848+00:00,2026-08-16T12:27:38.650848+03:30,TGJU,سافرون,صندوق طلای سافرون,,65363,,65363,0,0,,
2026-08-16T11:58:51.889541+00:00,2026-08-16T15:28:51.889541+03:30,TGJU,آتش,صندوق طلای آتش,,33754,,33529,225,0.67,,
2026-08-16T11:58:51.889541+00:00,2026-08-16T15:28:51.889541+03:30,TGJU,آلتون,صندوق طلای آلتون,,60112,,59861,251,0.42,,
2026-08-16T11:58:51.889541+00:00,2026-08-16T15:28:51.889541+03:30,TGJU,امرالد,صندوق طلای امرالد,,25258,,25097,161,0.64,,
2026-08-16T11:58:51.889541+00:00,2026-08-16T15:28:51.889541+03:30,TGJU,تابش,صندوق طلای تابش,,76008,,75826,182,0.24,,
2026-08-16T11:58:51.889541+00:00,2026-08-16T15:28:51.889541+03:30,TGJU,جام طلا,صندوق طلای جام طلا,,17009,,16918,91,0.54,,
2026-08-16T11:58:51.889541+00:00,2026-08-16T15:28:51.889541+03:30,TGJU,جواهر,صندوق طلای جواهر,,70746,,70471,275,0.39,,
2026-08-16T11:58:51.889541+00:00,2026-08-16T15:28:51.889541+03:30,TGJU,درخشان,صندوق طلای درخشان,,34170,,34041,129,0.38,,
2026-08-16T11:58:51.889541+00:00,2026-08-16T15:28:51.889541+03:30,TGJU,درنا,صندوق طلای درنا,,21513,,21427,86,0.4,,
2026-08-16T11:58:51.889541+00:00,2026-08-16T15:28:51.889541+03:30,TGJU,رز ترنج,صندوق طلای رز ترنج,,23350,,23259,91,0.39,,
2026-08-16T11:58:51.889541+00:00,2026-08-16T15:28:51.889541+03:30,TGJU,رزگلد,صندوق طلای رزگلد,,17630,,17553,77,0.44,,
2026-08-16T11:58:51.889541+00:00,2026-08-16T15:28:51.889541+03:30,TGJU,ریتون,صندوق طلای ریتون,,18160,,18070,90,0.5,,
2026-08-16T11:58:51.889541+00:00,2026-08-16T15:28:51.889541+03:30,TGJU,زر,صندوق طلای زر,,808517,,806501,2016,0.25,,
2026-08-16T11:58:51.889541+00:00,2026-08-16T15:28:51.889541+03:30,TGJU,زرفام,صندوق طلای زرفام,,139450,,139116,334,0.24,,
2026-08-16T11:58:51.889541+00:00,2026-08-16T15:28:51.889541+03:30,TGJU,زرگر,صندوق طلای زرگر,,19227,,19166,61,0.32,,
2026-08-16T11:58:51.889541+00:00,2026-08-16T15:28:51.889541+03:30,TGJU,زروان,صندوق طلای زروان,,38150,,38002,148,0.39,,
2026-08-16T11:58:51.889541+00:00,2026-08-16T15:28:51.889541+03:30,TGJU,زمرد,صندوق طلای زمرد,,26267,,26199,68,0.26,,
2026-08-16T11:58:51.889541+00:00,2026-08-16T15:28:51.889541+03:30,TGJU,عیار,صندوق طلای عیار,,525079,,522831,2248,0.43,,
2026-08-16T11:58:51.889541+00:00,2026-08-16T15:28:51.889541+03:30,TGJU,قیراط,صندوق طلای قیراط,,33665,,33531,134,0.4,,
2026-08-16T11:58:51.889541+00:00,2026-08-16T15:28:51.889541+03:30,TGJU,کهربا,صندوق طلای کهربا,,182790,,182225,565,0.31,,
2026-08-16T11:58:51.889541+00:00,2026-08-16T15:28:51.889541+03:30,TGJU,گلدا,صندوق طلای گلدا,,17170,,17076,94,0.55,,
2026-08-16T11:58:51.889541+00:00,2026-08-16T15:28:51.889541+03:30,TGJU,گلدیس,صندوق طلای گلدیس,,37019,,36791,228,0.62,,
2026-08-16T11:58:51.889541+00:00,2026-08-16T15:28:51.889541+03:30,TGJU,گنج,صندوق طلای گنج,,163700,,163194,506,0.31,,
2026-08-16T11:58:51.889541+00:00,2026-08-16T15:28:51.889541+03:30,TGJU,گوهر,صندوق طلای گوهر,,906310,,904140,2170,0.24,,
2026-08-16T11:58:51.889541+00:00,2026-08-16T15:28:51.889541+03:30,TGJU,لوتوس,صندوق طلای لوتوس,,1349706,,1345535,4171,0.31,,
2026-08-16T11:58:51.889541+00:00,2026-08-16T15:28:51.889541+03:30,TGJU,لیان,صندوق طلای لیان,,34710,,34520,190,0.55,,
2026-08-16T11:58:51.889541+00:00,2026-08-16T15:28:51.889541+03:30,TGJU,مثقال,صندوق طلای مثقال,,152737,,152083,654,0.43,,
2026-08-16T11:58:51.889541+00:00,2026-08-16T15:28:51.889541+03:30,TGJU,ناب,صندوق طلای ناب,,64472,,64298,174,0.27,,
2026-08-16T11:58:51.889541+00:00,2026-08-16T15:28:51.889541+03:30,TGJU,نفیس,صندوق طلای نفیس,,110104,,109873,231,0.21,,
2026-08-16T11:58:51.889541+00:00,2026-08-16T15:28:51.889541+03:30,TGJU,نگین فارس,صندوق طلای نگین فارس,,14533,,14471,62,0.43,,
2026-08-16T11:58:51.889541+00:00,2026-08-16T15:28:51.889541+03:30,TGJU,همیان,صندوق طلای همیان,,16588,,16527,61,0.37,,
2026-08-16T11:58:51.889541+00:00,2026-08-16T15:28:51.889541+03:30,TGJU,میراث,صندوق طلای میراث,,11224,,11131,93,0.84,,
2026-08-16T11:58:51.889541+00:00,2026-08-16T15:28:51.889541+03:30,TGJU,نهال,صندوق طلای نهال,,64602,,64537,65,0.1,,
2026-08-16T11:58:51.889541+00:00,2026-08-16T15:28:51.889541+03:30,TGJU,سافرون,صندوق طلای سافرون,,66210,,65360,850,1.3,,
2026-08-16T15:59:57.370704+00:00,2026-08-16T19:29:57.370704+03:30,TGJU,آتش,صندوق طلای آتش,,33700,,33423,277,0.83,,
2026-08-16T15:59:57.370704+00:00,2026-08-16T19:29:57.370704+03:30,TGJU,آلتون,صندوق طلای آلتون,,60020,,59674,346,0.58,,
2026-08-16T15:59:57.370704+00:00,2026-08-16T19:29:57.370704+03:30,TGJU,امرالد,صندوق طلای امرالد,,25268,,25117,151,0.6,,
2026-08-16T15:59:57.370704+00:00,2026-08-16T19:29:57.370704+03:30,TGJU,تابش,صندوق طلای تابش,,76200,,76192,8,0.01,,
2026-08-16T15:59:57.370704+00:00,2026-08-16T19:29:57.370704+03:30,TGJU,جام طلا,صندوق طلای جام طلا,,17025,,16950,75,0.44,,
2026-08-16T15:59:57.370704+00:00,2026-08-16T19:29:57.370704+03:30,TGJU,جواهر,صندوق طلای جواهر,,70690,,70359,331,0.47,,
2026-08-16T15:59:57.370704+00:00,2026-08-16T19:29:57.370704+03:30,TGJU,درخشان,صندوق طلای درخشان,,34090,,33880,210,0.62,,
2026-08-16T15:59:57.370704+00:00,2026-08-16T19:29:57.370704+03:30,TGJU,درنا,صندوق طلای درنا,,21490,,21381,109,0.51,,
2026-08-16T15:59:57.370704+00:00,2026-08-16T19:29:57.370704+03:30,TGJU,رز ترنج,صندوق طلای رز ترنج,,23392,,23343,49,0.21,,
2026-08-16T15:59:57.370704+00:00,2026-08-16T19:29:57.370704+03:30,TGJU,رزگلد,صندوق طلای رزگلد,,17589,,17472,117,0.67,,
2026-08-16T15:59:57.370704+00:00,2026-08-16T19:29:57.370704+03:30,TGJU,ریتون,صندوق طلای ریتون,,18130,,18011,119,0.66,,
2026-08-16T15:59:57.370704+00:00,2026-08-16T19:29:57.370704+03:30,TGJU,زر,صندوق طلای زر,,808577,,806641,1936,0.24,,
2026-08-16T15:59:57.370704+00:00,2026-08-16T19:29:57.370704+03:30,TGJU,زرفام,صندوق طلای زرفام,,139793,,139779,14,0.01,,
2026-08-16T15:59:57.370704+00:00,2026-08-16T19:29:57.370704+03:30,TGJU,زرگر,صندوق طلای زرگر,,19205,,19121,84,0.44,,
2026-08-16T15:59:57.370704+00:00,2026-08-16T19:29:57.370704+03:30,TGJU,زروان,صندوق طلای زروان,,38198,,38095,103,0.27,,
2026-08-16T15:59:57.370704+00:00,2026-08-16T19:29:57.370704+03:30,TGJU,زمرد,صندوق طلای زمرد,,26265,,26194,71,0.27,,
2026-08-16T15:59:57.370704+00:00,2026-08-16T19:29:57.370704+03:30,TGJU,عیار,صندوق طلای عیار,,525150,,523006,2144,0.41,,
2026-08-16T15:59:57.370704+00:00,2026-08-16T19:29:57.370704+03:30,TGJU,قیراط,صندوق طلای قیراط,,33646,,33492,154,0.46,,
2026-08-16T15:59:57.370704+00:00,2026-08-16T19:29:57.370704+03:30,TGJU,کهربا,صندوق طلای کهربا,,182215,,181092,1123,0.62,,
2026-08-16T15:59:57.370704+00:00,2026-08-16T19:29:57.370704+03:30,TGJU,گلدا,صندوق طلای گلدا,,17182,,17100,82,0.48,,
2026-08-16T15:59:57.370704+00:00,2026-08-16T19:29:57.370704+03:30,TGJU,گلدیس,صندوق طلای گلدیس,,36950,,36653,297,0.81,,
2026-08-16T15:59:57.370704+00:00,2026-08-16T19:29:57.370704+03:30,TGJU,گنج,صندوق طلای گنج,,163470,,162738,732,0.45,,
2026-08-16T15:59:57.370704+00:00,2026-08-16T19:29:57.370704+03:30,TGJU,گوهر,صندوق طلای گوهر,,904676,,900892,3784,0.42,,
2026-08-16T15:59:57.370704+00:00,2026-08-16T19:29:57.370704+03:30,TGJU,لوتوس,صندوق طلای لوتوس,,1348496,,1343124,5372,0.4,,
2026-08-16T15:59:57.370704+00:00,2026-08-16T19:29:57.370704+03:30,TGJU,لیان,صندوق طلای لیان,,34757,,34615,142,0.41,,
2026-08-16T15:59:57.370704+00:00,2026-08-16T19:29:57.370704+03:30,TGJU,مثقال,صندوق طلای مثقال,,152628,,151869,759,0.5,,
2026-08-16T15:59:57.370704+00:00,2026-08-16T19:29:57.370704+03:30,TGJU,ناب,صندوق طلای ناب,,64300,,63955,345,0.54,,
2026-08-16T15:59:57.370704+00:00,2026-08-16T19:29:57.370704+03:30,TGJU,نفیس,صندوق طلای نفیس,,109988,,109648,340,0.31,,
2026-08-16T15:59:57.370704+00:00,2026-08-16T19:29:57.370704+03:30,TGJU,نگین فارس,صندوق طلای نگین فارس,,14516,,14438,78,0.54,,
2026-08-16T15:59:57.370704+00:00,2026-08-16T19:29:57.370704+03:30,TGJU,همیان,صندوق طلای همیان,,16542,,16435,107,0.65,,
2026-08-16T15:59:57.370704+00:00,2026-08-16T19:29:57.370704+03:30,TGJU,میراث,صندوق طلای میراث,,11220,,11123,97,0.87,,
2026-08-16T15:59:57.370704+00:00,2026-08-16T19:29:57.370704+03:30,TGJU,نهال,صندوق طلای نهال,,65199,,64541,658,1.02,,
2026-08-16T15:59:57.370704+00:00,2026-08-16T19:29:57.370704+03:30,TGJU,سافرون,صندوق طلای سافرون,,66940,,65365,1575,2.41,,
2026-08-17T09:25:13.124388+00:00,2026-08-17T12:55:13.124388+03:30,TGJU,آتش,صندوق طلای آتش,,33800,,33699,101,0.3,,
2026-08-17T09:25:13.124388+00:00,2026-08-17T12:55:13.124388+03:30,TGJU,آلتون,صندوق طلای آلتون,,60157,,60019,138,0.23,,
2026-08-17T09:25:13.124388+00:00,2026-08-17T12:55:13.124388+03:30,TGJU,امرالد,صندوق طلای امرالد,,25331,,25268,63,0.25,,
2026-08-17T09:25:13.124388+00:00,2026-08-17T12:55:13.124388+03:30,TGJU,تابش,صندوق طلای تابش,,76001,,75804,197,0.26,,
2026-08-17T09:25:13.124388+00:00,2026-08-17T12:55:13.124388+03:30,TGJU,جام طلا,صندوق طلای جام طلا,,17107,,17025,82,0.48,,
2026-08-17T09:25:13.124388+00:00,2026-08-17T12:55:13.124388+03:30,TGJU,جواهر,صندوق طلای جواهر,,70779,,70687,92,0.13,,
2026-08-17T09:25:13.124388+00:00,2026-08-17T12:55:13.124388+03:30,TGJU,درخشان,صندوق طلای درخشان,,34255,,34091,164,0.48,,
2026-08-17T09:25:13.124388+00:00,2026-08-17T12:55:13.124388+03:30,TGJU,درنا,صندوق طلای درنا,,21541,,21489,52,0.24,,
2026-08-17T09:25:13.124388+00:00,2026-08-17T12:55:13.124388+03:30,TGJU,رز ترنج,صندوق طلای رز ترنج,,23389,,23387,2,0.01,,
2026-08-17T09:25:13.124388+00:00,2026-08-17T12:55:13.124388+03:30,TGJU,رزگلد,صندوق طلای رزگلد,,17625,,17590,35,0.2,,
2026-08-17T09:25:13.124388+00:00,2026-08-17T12:55:13.124388+03:30,TGJU,ریتون,صندوق طلای ریتون,,18170,,18130,40,0.22,,
2026-08-17T09:25:13.124388+00:00,2026-08-17T12:55:13.124388+03:30,TGJU,زر,صندوق طلای زر,,809400,,808591,809,0.1,,
2026-08-17T09:25:13.124388+00:00,2026-08-17T12:55:13.124388+03:30,TGJU,زرفام,صندوق طلای زرفام,,139552,,139315,237,0.17,,
2026-08-17T09:25:13.124388+00:00,2026-08-17T12:55:13.124388+03:30,TGJU,زرگر,صندوق طلای زرگر,,19238,,19205,33,0.17,,
2026-08-17T09:25:13.124388+00:00,2026-08-17T12:55:13.124388+03:30,TGJU,زروان,صندوق طلای زروان,,38220,,38197,23,0.06,,
2026-08-17T09:25:13.124388+00:00,2026-08-17T12:55:13.124388+03:30,TGJU,زمرد,صندوق طلای زمرد,,26247,,26229,18,0.07,,
2026-08-17T09:25:13.124388+00:00,2026-08-17T12:55:13.124388+03:30,TGJU,عیار,صندوق طلای عیار,,526211,,525161,1050,0.2,,
2026-08-17T09:25:13.124388+00:00,2026-08-17T12:55:13.124388+03:30,TGJU,قیراط,صندوق طلای قیراط,,33735,,33648,87,0.26,,
2026-08-17T09:25:13.124388+00:00,2026-08-17T12:55:13.124388+03:30,TGJU,کهربا,صندوق طلای کهربا,,182630,,182211,419,0.23,,
2026-08-17T09:25:13.124388+00:00,2026-08-17T12:55:13.124388+03:30,TGJU,گلدا,صندوق طلای گلدا,,17191,,17182,9,0.05,,
2026-08-17T09:25:13.124388+00:00,2026-08-17T12:55:13.124388+03:30,TGJU,گلدیس,صندوق طلای گلدیس,,37025,,36951,74,0.2,,
2026-08-17T09:25:13.124388+00:00,2026-08-17T12:55:13.124388+03:30,TGJU,گنج,صندوق طلای گنج,,163984,,163477,507,0.31,,
2026-08-17T09:25:13.124388+00:00,2026-08-17T12:55:13.124388+03:30,TGJU,گوهر,صندوق طلای گوهر,,905879,,904703,1176,0.13,,
2026-08-17T09:25:13.124388+00:00,2026-08-17T12:55:13.124388+03:30,TGJU,لوتوس,صندوق طلای لوتوس,,1351034,,1348472,2562,0.19,,
2026-08-17T09:25:13.124388+00:00,2026-08-17T12:55:13.124388+03:30,TGJU,لیان,صندوق طلای لیان,,34738,,34721,17,0.05,,
2026-08-17T09:25:13.124388+00:00,2026-08-17T12:55:13.124388+03:30,TGJU,مثقال,صندوق طلای مثقال,,153100,,152627,473,0.31,,
2026-08-17T09:25:13.124388+00:00,2026-08-17T12:55:13.124388+03:30,TGJU,ناب,صندوق طلای ناب,,64332,,64300,32,0.05,,
2026-08-17T09:25:13.124388+00:00,2026-08-17T12:55:13.124388+03:30,TGJU,نفیس,صندوق طلای نفیس,,110157,,109992,165,0.15,,
2026-08-17T09:25:13.124388+00:00,2026-08-17T12:55:13.124388+03:30,TGJU,نگین فارس,صندوق طلای نگین فارس,,14520,,14516,4,0.03,,
2026-08-17T09:25:13.124388+00:00,2026-08-17T12:55:13.124388+03:30,TGJU,همیان,صندوق طلای همیان,,16595,,16542,53,0.32,,
2026-08-17T09:25:13.124388+00:00,2026-08-17T12:55:13.124388+03:30,TGJU,میراث,صندوق طلای میراث,,11230,,11220,10,0.09,,
2026-08-17T09:25:13.124388+00:00,2026-08-17T12:55:13.124388+03:30,TGJU,نهال,صندوق طلای نهال,,65642,,65199,443,0.68,,
2026-08-17T09:25:13.124388+00:00,2026-08-17T12:55:13.124388+03:30,TGJU,سافرون,صندوق طلای سافرون,,67350,,66942,408,0.61,,
2026-08-17T12:02:35.325678+00:00,2026-08-17T15:32:35.325678+03:30,TGJU,آتش,صندوق طلای آتش,,33940,,33701,239,0.71,,
2026-08-17T12:02:35.325678+00:00,2026-08-17T15:32:35.325678+03:30,TGJU,آلتون,صندوق طلای آلتون,,60255,,60021,234,0.39,,
2026-08-17T12:02:35.325678+00:00,2026-08-17T15:32:35.325678+03:30,TGJU,امرالد,صندوق طلای امرالد,,25376,,25267,109,0.43,,
2026-08-17T12:02:35.325678+00:00,2026-08-17T15:32:35.325678+03:30,TGJU,تابش,صندوق طلای تابش,,76210,,76202,8,0.01,,
2026-08-17T12:02:35.325678+00:00,2026-08-17T15:32:35.325678+03:30,TGJU,جام طلا,صندوق طلای جام طلا,,17114,,17025,89,0.52,,
2026-08-17T12:02:35.325678+00:00,2026-08-17T15:32:35.325678+03:30,TGJU,جواهر,صندوق طلای جواهر,,70855,,70692,163,0.23,,
2026-08-17T12:02:35.325678+00:00,2026-08-17T15:32:35.325678+03:30,TGJU,درخشان,صندوق طلای درخشان,,34305,,34090,215,0.63,,
2026-08-17T12:02:35.325678+00:00,2026-08-17T15:32:35.325678+03:30,TGJU,درنا,صندوق طلای درنا,,21639,,21491,148,0.69,,
2026-08-17T12:02:35.325678+00:00,2026-08-17T15:32:35.325678+03:30,TGJU,رز ترنج,صندوق طلای رز ترنج,,23430,,23393,37,0.16,,
2026-08-17T12:02:35.325678+00:00,2026-08-17T15:32:35.325678+03:30,TGJU,رزگلد,صندوق طلای رزگلد,,17680,,17589,91,0.52,,
2026-08-17T12:02:35.325678+00:00,2026-08-17T15:32:35.325678+03:30,TGJU,ریتون,صندوق طلای ریتون,,18221,,18130,91,0.5,,
2026-08-17T12:02:35.325678+00:00,2026-08-17T15:32:35.325678+03:30,TGJU,زر,صندوق طلای زر,,811412,,808582,2830,0.35,,
2026-08-17T12:02:35.325678+00:00,2026-08-17T15:32:35.325678+03:30,TGJU,زرفام,صندوق طلای زرفام,,139898,,139786,112,0.08,,
2026-08-17T12:02:35.325678+00:00,2026-08-17T15:32:35.325678+03:30,TGJU,زرگر,صندوق طلای زرگر,,19303,,19205,98,0.51,,
2026-08-17T12:02:35.325678+00:00,2026-08-17T15:32:35.325678+03:30,TGJU,زروان,صندوق طلای زروان,,38313,,38198,115,0.3,,
2026-08-17T12:02:35.325678+00:00,2026-08-17T15:32:35.325678+03:30,TGJU,زمرد,صندوق طلای زمرد,,26324,,26266,58,0.22,,
2026-08-17T12:02:35.325678+00:00,2026-08-17T15:32:35.325678+03:30,TGJU,عیار,صندوق طلای عیار,,527649,,525128,2521,0.48,,
2026-08-17T12:02:35.325678+00:00,2026-08-17T15:32:35.325678+03:30,TGJU,قیراط,صندوق طلای قیراط,,33837,,33645,192,0.57,,
2026-08-17T12:02:35.325678+00:00,2026-08-17T15:32:35.325678+03:30,TGJU,کهربا,صندوق طلای کهربا,,183033,,182213,820,0.45,,
2026-08-17T12:02:35.325678+00:00,2026-08-17T15:32:35.325678+03:30,TGJU,گلدا,صندوق طلای گلدا,,17250,,17181,69,0.4,,
2026-08-17T12:02:35.325678+00:00,2026-08-17T15:32:35.325678+03:30,TGJU,گلدیس,صندوق طلای گلدیس,,37053,,36950,103,0.28,,
2026-08-17T12:02:35.325678+00:00,2026-08-17T15:32:35.325678+03:30,TGJU,گنج,صندوق طلای گنج,,164559,,163464,1095,0.67,,
2026-08-17T12:02:35.325678+00:00,2026-08-17T15:32:35.325678+03:30,TGJU,گوهر,صندوق طلای گوهر,,907500,,904695,2805,0.31,,
2026-08-17T12:02:35.325678+00:00,2026-08-17T15:32:35.325678+03:30,TGJU,لوتوس,صندوق طلای لوتوس,,1354499,,1348431,6068,0.45,,
2026-08-17T12:02:35.325678+00:00,2026-08-17T15:32:35.325678+03:30,TGJU,لیان,صندوق طلای لیان,,34846,,34756,90,0.26,,
2026-08-17T12:02:35.325678+00:00,2026-08-17T15:32:35.325678+03:30,TGJU,مثقال,صندوق طلای مثقال,,153441,,152632,809,0.53,,
2026-08-17T12:02:35.325678+00:00,2026-08-17T15:32:35.325678+03:30,TGJU,ناب,صندوق طلای ناب,,64482,,64302,180,0.28,,
2026-08-17T12:02:35.325678+00:00,2026-08-17T15:32:35.325678+03:30,TGJU,نفیس,صندوق طلای نفیس,,110278,,109992,286,0.26,,
2026-08-17T12:02:35.325678+00:00,2026-08-17T15:32:35.325678+03:30,TGJU,نگین فارس,صندوق طلای نگین فارس,,14544,,14516,28,0.19,,
2026-08-17T12:02:35.325678+00:00,2026-08-17T15:32:35.325678+03:30,TGJU,همیان,صندوق طلای همیان,,16630,,16542,88,0.53,,
2026-08-17T12:02:35.325678+00:00,2026-08-17T15:32:35.325678+03:30,TGJU,میراث,صندوق طلای میراث,,11235,,11220,15,0.13,,
2026-08-17T12:02:35.325678+00:00,2026-08-17T15:32:35.325678+03:30,TGJU,نهال,صندوق طلای نهال,,65750,,65196,554,0.85,,
2026-08-17T12:02:35.325678+00:00,2026-08-17T15:32:35.325678+03:30,TGJU,سافرون,صندوق طلای سافرون,,67480,,66938,542,0.81,,
2026-08-17T16:02:08.165666+00:00,2026-08-17T19:32:08.165666+03:30,TGJU,آتش,صندوق طلای آتش,,34040,,33700,340,1.01,,
2026-08-17T16:02:08.165666+00:00,2026-08-17T19:32:08.165666+03:30,TGJU,آلتون,صندوق طلای آلتون,,60433,,60019,414,0.69,,
2026-08-17T16:02:08.165666+00:00,2026-08-17T19:32:08.165666+03:30,TGJU,امرالد,صندوق طلای امرالد,,25443,,25269,174,0.69,,
2026-08-17T16:02:08.165666+00:00,2026-08-17T19:32:08.165666+03:30,TGJU,تابش,صندوق طلای تابش,,76555,,76197,358,0.47,,
2026-08-17T16:02:08.165666+00:00,2026-08-17T19:32:08.165666+03:30,TGJU,جام طلا,صندوق طلای جام طلا,,17215,,17024,191,1.12,,
2026-08-17T16:02:08.165666+00:00,2026-08-17T19:32:08.165666+03:30,TGJU,جواهر,صندوق طلای جواهر,,71070,,70688,382,0.54,,
2026-08-17T16:02:08.165666+00:00,2026-08-17T19:32:08.165666+03:30,TGJU,درخشان,صندوق طلای درخشان,,34389,,34089,300,0.88,,
2026-08-17T16:02:08.165666+00:00,2026-08-17T19:32:08.165666+03:30,TGJU,درنا,صندوق طلای درنا,,21647,,21490,157,0.73,,
2026-08-17T16:02:08.165666+00:00,2026-08-17T19:32:08.165666+03:30,TGJU,رز ترنج,صندوق طلای رز ترنج,,23520,,23391,129,0.55,,
2026-08-17T16:02:08.165666+00:00,2026-08-17T19:32:08.165666+03:30,TGJU,رزگلد,صندوق طلای رزگلد,,17799,,17590,209,1.19,,
2026-08-17T16:02:08.165666+00:00,2026-08-17T19:32:08.165666+03:30,TGJU,ریتون,صندوق طلای ریتون,,18320,,18130,190,1.05,,
2026-08-17T16:02:08.165666+00:00,2026-08-17T19:32:08.165666+03:30,TGJU,زر,صندوق طلای زر,,813380,,808609,4771,0.59,,
2026-08-17T16:02:08.165666+00:00,2026-08-17T19:32:08.165666+03:30,TGJU,زرفام,صندوق طلای زرفام,,140996,,139794,1202,0.86,,
2026-08-17T16:02:08.165666+00:00,2026-08-17T19:32:08.165666+03:30,TGJU,زرگر,صندوق طلای زرگر,,19376,,19205,171,0.89,,
2026-08-17T16:02:08.165666+00:00,2026-08-17T19:32:08.165666+03:30,TGJU,زروان,صندوق طلای زروان,,38498,,38196,302,0.79,,
2026-08-17T16:02:08.165666+00:00,2026-08-17T19:32:08.165666+03:30,TGJU,زمرد,صندوق طلای زمرد,,26430,,26265,165,0.63,,
2026-08-17T16:02:08.165666+00:00,2026-08-17T19:32:08.165666+03:30,TGJU,عیار,صندوق طلای عیار,,530000,,525168,4832,0.92,,
2026-08-17T16:02:08.165666+00:00,2026-08-17T19:32:08.165666+03:30,TGJU,قیراط,صندوق طلای قیراط,,33890,,33644,246,0.73,,
2026-08-17T16:02:08.165666+00:00,2026-08-17T19:32:08.165666+03:30,TGJU,کهربا,صندوق طلای کهربا,,183739,,182208,1531,0.84,,
2026-08-17T16:02:08.165666+00:00,2026-08-17T19:32:08.165666+03:30,TGJU,گلدا,صندوق طلای گلدا,,17371,,17182,189,1.1,,
2026-08-17T16:02:08.165666+00:00,2026-08-17T19:32:08.165666+03:30,TGJU,گلدیس,صندوق طلای گلدیس,,37208,,36949,259,0.7,,
2026-08-17T16:02:08.165666+00:00,2026-08-17T19:32:08.165666+03:30,TGJU,گنج,صندوق طلای گنج,,165031,,163478,1553,0.95,,
2026-08-17T16:02:08.165666+00:00,2026-08-17T19:32:08.165666+03:30,TGJU,گوهر,صندوق طلای گوهر,,912880,,904648,8232,0.91,,
2026-08-17T16:02:08.165666+00:00,2026-08-17T19:32:08.165666+03:30,TGJU,لوتوس,صندوق طلای لوتوس,,1360006,,1348543,11463,0.85,,
2026-08-17T16:02:08.165666+00:00,2026-08-17T19:32:08.165666+03:30,TGJU,لیان,صندوق طلای لیان,,34976,,34757,219,0.63,,
2026-08-17T16:02:08.165666+00:00,2026-08-17T19:32:08.165666+03:30,TGJU,مثقال,صندوق طلای مثقال,,153981,,152623,1358,0.89,,
2026-08-17T16:02:08.165666+00:00,2026-08-17T19:32:08.165666+03:30,TGJU,ناب,صندوق طلای ناب,,64626,,64298,328,0.51,,
2026-08-17T16:02:08.165666+00:00,2026-08-17T19:32:08.165666+03:30,TGJU,نفیس,صندوق طلای نفیس,,110659,,109988,671,0.61,,
2026-08-17T16:02:08.165666+00:00,2026-08-17T19:32:08.165666+03:30,TGJU,نگین فارس,صندوق طلای نگین فارس,,14675,,14515,160,1.1,,
2026-08-17T16:02:08.165666+00:00,2026-08-17T19:32:08.165666+03:30,TGJU,همیان,صندوق طلای همیان,,16728,,16543,185,1.12,,
2026-08-17T16:02:08.165666+00:00,2026-08-17T19:32:08.165666+03:30,TGJU,میراث,صندوق طلای میراث,,11316,,11220,96,0.86,,
2026-08-17T16:02:08.165666+00:00,2026-08-17T19:32:08.165666+03:30,TGJU,نهال,صندوق طلای نهال,,65011,,64823,188,0.29,,
2026-08-17T16:02:08.165666+00:00,2026-08-17T19:32:08.165666+03:30,TGJU,سافرون,صندوق طلای سافرون,,67588,,66939,649,0.97,,
2026-08-18T09:06:35.317841+00:00,2026-08-18T12:36:35.317841+03:30,TGJU,آتش,صندوق طلای آتش,,34040,,34040,0,0,,
2026-08-18T09:06:35.317841+00:00,2026-08-18T12:36:35.317841+03:30,TGJU,آلتون,صندوق طلای آلتون,,60433,,60433,0,0,,
2026-08-18T09:06:35.317841+00:00,2026-08-18T12:36:35.317841+03:30,TGJU,امرالد,صندوق طلای امرالد,,25443,,25443,0,0,,
2026-08-18T09:06:35.317841+00:00,2026-08-18T12:36:35.317841+03:30,TGJU,تابش,صندوق طلای تابش,,76555,,76555,0,0,,
2026-08-18T09:06:35.317841+00:00,2026-08-18T12:36:35.317841+03:30,TGJU,جام طلا,صندوق طلای جام طلا,,17215,,17215,0,0,,
2026-08-18T09:06:35.317841+00:00,2026-08-18T12:36:35.317841+03:30,TGJU,جواهر,صندوق طلای جواهر,,71070,,71070,0,0,,
2026-08-18T09:06:35.317841+00:00,2026-08-18T12:36:35.317841+03:30,TGJU,درخشان,صندوق طلای درخشان,,34389,,34389,0,0,,
2026-08-18T09:06:35.317841+00:00,2026-08-18T12:36:35.317841+03:30,TGJU,درنا,صندوق طلای درنا,,21647,,21647,0,0,,
2026-08-18T09:06:35.317841+00:00,2026-08-18T12:36:35.317841+03:30,TGJU,رز ترنج,صندوق طلای رز ترنج,,23520,,23520,0,0,,
2026-08-18T09:06:35.317841+00:00,2026-08-18T12:36:35.317841+03:30,TGJU,رزگلد,صندوق طلای رزگلد,,17799,,17799,0,0,,
2026-08-18T09:06:35.317841+00:00,2026-08-18T12:36:35.317841+03:30,TGJU,ریتون,صندوق طلای ریتون,,18320,,18320,0,0,,
2026-08-18T09:06:35.317841+00:00,2026-08-18T12:36:35.317841+03:30,TGJU,زر,صندوق طلای زر,,813380,,813380,0,0,,
2026-08-18T09:06:35.317841+00:00,2026-08-18T12:36:35.317841+03:30,TGJU,زرفام,صندوق طلای زرفام,,140996,,140996,0,0,,
2026-08-18T09:06:35.317841+00:00,2026-08-18T12:36:35.317841+03:30,TGJU,زرگر,صندوق طلای زرگر,,19376,,19376,0,0,,
2026-08-18T09:06:35.317841+00:00,2026-08-18T12:36:35.317841+03:30,TGJU,زروان,صندوق طلای زروان,,38498,,38498,0,0,,
2026-08-18T09:06:35.317841+00:00,2026-08-18T12:36:35.317841+03:30,TGJU,زمرد,صندوق طلای زمرد,,26430,,26430,0,0,,
2026-08-18T09:06:35.317841+00:00,2026-08-18T12:36:35.317841+03:30,TGJU,عیار,صندوق طلای عیار,,530000,,530000,0,0,,
2026-08-18T09:06:35.317841+00:00,2026-08-18T12:36:35.317841+03:30,TGJU,قیراط,صندوق طلای قیراط,,33890,,33890,0,0,,
2026-08-18T09:06:35.317841+00:00,2026-08-18T12:36:35.317841+03:30,TGJU,کهربا,صندوق طلای کهربا,,183739,,183739,0,0,,
2026-08-18T09:06:35.317841+00:00,2026-08-18T12:36:35.317841+03:30,TGJU,گلدا,صندوق طلای گلدا,,17371,,17371,0,0,,
2026-08-18T09:06:35.317841+00:00,2026-08-18T12:36:35.317841+03:30,TGJU,گلدیس,صندوق طلای گلدیس,,37208,,37208,0,0,,
2026-08-18T09:06:35.317841+00:00,2026-08-18T12:36:35.317841+03:30,TGJU,گنج,صندوق طلای گنج,,165031,,165031,0,0,,
2026-08-18T09:06:35.317841+00:00,2026-08-18T12:36:35.317841+03:30,TGJU,گوهر,صندوق طلای گوهر,,912880,,912880,0,0,,
2026-08-18T09:06:35.317841+00:00,2026-08-18T12:36:35.317841+03:30,TGJU,لوتوس,صندوق طلای لوتوس,,1360006,,1360006,0,0,,
2026-08-18T09:06:35.317841+00:00,2026-08-18T12:36:35.317841+03:30,TGJU,لیان,صندوق طلای لیان,,34976,,34976,0,0,,
2026-08-18T09:06:35.317841+00:00,2026-08-18T12:36:35.317841+03:30,TGJU,مثقال,صندوق طلای مثقال,,153981,,153981,0,0,,
2026-08-18T09:06:35.317841+00:00,2026-08-18T12:36:35.317841+03:30,TGJU,ناب,صندوق طلای ناب,,64626,,64626,0,0,,
2026-08-18T09:06:35.317841+00:00,2026-08-18T12:36:35.317841+03:30,TGJU,نفیس,صندوق طلای نفیس,,110659,,110659,0,0,,
2026-08-18T09:06:35.317841+00:00,2026-08-18T12:36:35.317841+03:30,TGJU,نگین فارس,صندوق طلای نگین فارس,,14675,,14675,0,0,,
2026-08-18T09:06:35.317841+00:00,2026-08-18T12:36:35.317841+03:30,TGJU,همیان,صندوق طلای همیان,,16728,,16728,0,0,,
2026-08-18T09:06:35.317841+00:00,2026-08-18T12:36:35.317841+03:30,TGJU,میراث,صندوق طلای میراث,,11316,,11316,0,0,,
2026-08-18T09:06:35.317841+00:00,2026-08-18T12:36:35.317841+03:30,TGJU,نهال,صندوق طلای نهال,,65011,,65011,0,0,,
2026-08-18T09:06:35.317841+00:00,2026-08-18T12:36:35.317841+03:30,TGJU,سافرون,صندوق طلای سافرون,,67588,,67588,0,0,,
2026-08-18T13:58:36.427928+00:00,2026-08-18T17:28:36.427928+03:30,TGJU,آتش,صندوق طلای آتش,,34340,,34040,300,0.88,,
2026-08-18T13:58:36.427928+00:00,2026-08-18T17:28:36.427928+03:30,TGJU,آلتون,صندوق طلای آلتون,,61049,,60433,616,1.02,,
2026-08-18T13:58:36.427928+00:00,2026-08-18T17:28:36.427928+03:30,TGJU,امرالد,صندوق طلای امرالد,,25769,,25443,326,1.28,,
2026-08-18T13:58:36.427928+00:00,2026-08-18T17:28:36.427928+03:30,TGJU,تابش,صندوق طلای تابش,,77225,,76551,674,0.88,,
2026-08-18T13:58:36.427928+00:00,2026-08-18T17:28:36.427928+03:30,TGJU,جام طلا,صندوق طلای جام طلا,,17350,,17216,134,0.78,,
2026-08-18T13:58:36.427928+00:00,2026-08-18T17:28:36.427928+03:30,TGJU,جواهر,صندوق طلای جواهر,,71834,,71074,760,1.07,,
2026-08-18T13:58:36.427928+00:00,2026-08-18T17:28:36.427928+03:30,TGJU,درخشان,صندوق طلای درخشان,,34694,,34388,306,0.89,,
2026-08-18T13:58:36.427928+00:00,2026-08-18T17:28:36.427928+03:30,TGJU,درنا,صندوق طلای درنا,,21848,,21647,201,0.93,,
2026-08-18T13:58:36.427928+00:00,2026-08-18T17:28:36.427928+03:30,TGJU,رز ترنج,صندوق طلای رز ترنج,,23779,,23520,259,1.1,,
2026-08-18T13:58:36.427928+00:00,2026-08-18T17:28:36.427928+03:30,TGJU,رزگلد,صندوق طلای رزگلد,,17907,,17798,109,0.61,,
2026-08-18T13:58:36.427928+00:00,2026-08-18T17:28:36.427928+03:30,TGJU,ریتون,صندوق طلای ریتون,,18463,,18320,143,0.78,,
2026-08-18T13:58:36.427928+00:00,2026-08-18T17:28:36.427928+03:30,TGJU,زر,صندوق طلای زر,,822090,,813387,8703,1.07,,
2026-08-18T13:58:36.427928+00:00,2026-08-18T17:28:36.427928+03:30,TGJU,زرفام,صندوق طلای زرفام,,141824,,140992,832,0.59,,
2026-08-18T13:58:36.427928+00:00,2026-08-18T17:28:36.427928+03:30,TGJU,زرگر,صندوق طلای زرگر,,19494,,19376,118,0.61,,
2026-08-18T13:58:36.427928+00:00,2026-08-18T17:28:36.427928+03:30,TGJU,زروان,صندوق طلای زروان,,38788,,38499,289,0.75,,
2026-08-18T13:58:36.427928+00:00,2026-08-18T17:28:36.427928+03:30,TGJU,زمرد,صندوق طلای زمرد,,26752,,26430,322,1.22,,
2026-08-18T13:58:36.427928+00:00,2026-08-18T17:28:36.427928+03:30,TGJU,عیار,صندوق طلای عیار,,538303,,529982,8321,1.57,,
2026-08-18T13:58:36.427928+00:00,2026-08-18T17:28:36.427928+03:30,TGJU,قیراط,صندوق طلای قیراط,,34255,,33889,366,1.08,,
2026-08-18T13:58:36.427928+00:00,2026-08-18T17:28:36.427928+03:30,TGJU,کهربا,صندوق طلای کهربا,,185668,,183739,1929,1.05,,
2026-08-18T13:58:36.427928+00:00,2026-08-18T17:28:36.427928+03:30,TGJU,گلدا,صندوق طلای گلدا,,17505,,17371,134,0.77,,
2026-08-18T13:58:36.427928+00:00,2026-08-18T17:28:36.427928+03:30,TGJU,گلدیس,صندوق طلای گلدیس,,37512,,37207,305,0.82,,
2026-08-18T13:58:36.427928+00:00,2026-08-18T17:28:36.427928+03:30,TGJU,گنج,صندوق طلای گنج,,166790,,165024,1766,1.07,,
2026-08-18T13:58:36.427928+00:00,2026-08-18T17:28:36.427928+03:30,TGJU,گوهر,صندوق طلای گوهر,,920224,,912921,7303,0.8,,
2026-08-18T13:58:36.427928+00:00,2026-08-18T17:28:36.427928+03:30,TGJU,لوتوس,صندوق طلای لوتوس,,1374261,,1359981,14280,1.05,,
2026-08-18T13:58:36.427928+00:00,2026-08-18T17:28:36.427928+03:30,TGJU,لیان,صندوق طلای لیان,,35300,,34975,325,0.93,,
2026-08-18T13:58:36.427928+00:00,2026-08-18T17:28:36.427928+03:30,TGJU,مثقال,صندوق طلای مثقال,,155286,,153977,1309,0.85,,
2026-08-18T13:58:36.427928+00:00,2026-08-18T17:28:36.427928+03:30,TGJU,ناب,صندوق طلای ناب,,65309,,64624,685,1.06,,
2026-08-18T13:58:36.427928+00:00,2026-08-18T17:28:36.427928+03:30,TGJU,نفیس,صندوق طلای نفیس,,111880,,110663,1217,1.1,,
2026-08-18T13:58:36.427928+00:00,2026-08-18T17:28:36.427928+03:30,TGJU,نگین فارس,صندوق طلای نگین فارس,,14817,,14675,142,0.97,,
2026-08-18T13:58:36.427928+00:00,2026-08-18T17:28:36.427928+03:30,TGJU,همیان,صندوق طلای همیان,,16867,,16728,139,0.83,,
2026-08-18T13:58:36.427928+00:00,2026-08-18T17:28:36.427928+03:30,TGJU,میراث,صندوق طلای میراث,,11375,,11316,59,0.52,,
2026-08-18T13:58:36.427928+00:00,2026-08-18T17:28:36.427928+03:30,TGJU,نهال,صندوق طلای نهال,,64930,,64852,78,0.12,,
2026-08-18T13:58:36.427928+00:00,2026-08-18T17:28:36.427928+03:30,TGJU,سافرون,صندوق طلای سافرون,,67000,,66416,584,0.88,,
2026-08-18T16:58:55.614781+00:00,2026-08-18T20:28:55.614781+03:30,TGJU,آتش,صندوق طلای آتش,,34429,,34041,388,1.14,,
2026-08-18T16:58:55.614781+00:00,2026-08-18T20:28:55.614781+03:30,TGJU,آلتون,صندوق طلای آلتون,,61149,,60436,713,1.18,,
2026-08-18T16:58:55.614781+00:00,2026-08-18T20:28:55.614781+03:30,TGJU,امرالد,صندوق طلای امرالد,,25811,,25442,369,1.45,,
2026-08-18T16:58:55.614781+00:00,2026-08-18T20:28:55.614781+03:30,TGJU,تابش,صندوق طلای تابش,,77370,,76558,812,1.06,,
2026-08-18T16:58:55.614781+00:00,2026-08-18T20:28:55.614781+03:30,TGJU,جام طلا,صندوق طلای جام طلا,,17382,,17215,167,0.97,,
2026-08-18T16:58:55.614781+00:00,2026-08-18T20:28:55.614781+03:30,TGJU,جواهر,صندوق طلای جواهر,,71900,,71068,832,1.17,,
2026-08-18T16:58:55.614781+00:00,2026-08-18T20:28:55.614781+03:30,TGJU,درخشان,صندوق طلای درخشان,,34770,,34388,382,1.11,,
2026-08-18T16:58:55.614781+00:00,2026-08-18T20:28:55.614781+03:30,TGJU,درنا,صندوق طلای درنا,,21860,,21648,212,0.98,,
2026-08-18T16:58:55.614781+00:00,2026-08-18T20:28:55.614781+03:30,TGJU,رز ترنج,صندوق طلای رز ترنج,,23999,,23519,480,2.04,,
2026-08-18T16:58:55.614781+00:00,2026-08-18T20:28:55.614781+03:30,TGJU,رزگلد,صندوق طلای رزگلد,,17905,,17798,107,0.6,,
2026-08-18T16:58:55.614781+00:00,2026-08-18T20:28:55.614781+03:30,TGJU,ریتون,صندوق طلای ریتون,,18490,,18320,170,0.93,,
2026-08-18T16:58:55.614781+00:00,2026-08-18T20:28:55.614781+03:30,TGJU,زر,صندوق طلای زر,,824549,,813405,11144,1.37,,
2026-08-18T16:58:55.614781+00:00,2026-08-18T20:28:55.614781+03:30,TGJU,زرفام,صندوق طلای زرفام,,141953,,140994,959,0.68,,
2026-08-18T16:58:55.614781+00:00,2026-08-18T20:28:55.614781+03:30,TGJU,زرگر,صندوق طلای زرگر,,19597,,19376,221,1.14,,
2026-08-18T16:58:55.614781+00:00,2026-08-18T20:28:55.614781+03:30,TGJU,زروان,صندوق طلای زروان,,38838,,38499,339,0.88,,
2026-08-18T16:58:55.614781+00:00,2026-08-18T20:28:55.614781+03:30,TGJU,زمرد,صندوق طلای زمرد,,26776,,26430,346,1.31,,
2026-08-18T16:58:55.614781+00:00,2026-08-18T20:28:55.614781+03:30,TGJU,عیار,صندوق طلای عیار,,539889,,529978,9911,1.87,,
2026-08-18T16:58:55.614781+00:00,2026-08-18T20:28:55.614781+03:30,TGJU,قیراط,صندوق طلای قیراط,,34326,,33889,437,1.29,,
2026-08-18T16:58:55.614781+00:00,2026-08-18T20:28:55.614781+03:30,TGJU,کهربا,صندوق طلای کهربا,,186195,,183733,2462,1.34,,
2026-08-18T16:58:55.614781+00:00,2026-08-18T20:28:55.614781+03:30,TGJU,گلدا,صندوق طلای گلدا,,17549,,17372,177,1.02,,
2026-08-18T16:58:55.614781+00:00,2026-08-18T20:28:55.614781+03:30,TGJU,گلدیس,صندوق طلای گلدیس,,37598,,37207,391,1.05,,
2026-08-18T16:58:55.614781+00:00,2026-08-18T20:28:55.614781+03:30,TGJU,گنج,صندوق طلای گنج,,167150,,165038,2112,1.28,,
2026-08-18T16:58:55.614781+00:00,2026-08-18T20:28:55.614781+03:30,TGJU,گوهر,صندوق طلای گوهر,,921921,,912883,9038,0.99,,
2026-08-18T16:58:55.614781+00:00,2026-08-18T20:28:55.614781+03:30,TGJU,لوتوس,صندوق طلای لوتوس,,1377900,,1359949,17951,1.32,,
2026-08-18T16:58:55.614781+00:00,2026-08-18T20:28:55.614781+03:30,TGJU,لیان,صندوق طلای لیان,,35400,,34977,423,1.21,,
2026-08-18T16:58:55.614781+00:00,2026-08-18T20:28:55.614781+03:30,TGJU,مثقال,صندوق طلای مثقال,,155754,,153983,1771,1.15,,
2026-08-18T16:58:55.614781+00:00,2026-08-18T20:28:55.614781+03:30,TGJU,ناب,صندوق طلای ناب,,65469,,64629,840,1.3,,
2026-08-18T16:58:55.614781+00:00,2026-08-18T20:28:55.614781+03:30,TGJU,نفیس,صندوق طلای نفیس,,112054,,110660,1394,1.26,,
2026-08-18T16:58:55.614781+00:00,2026-08-18T20:28:55.614781+03:30,TGJU,نگین فارس,صندوق طلای نگین فارس,,14851,,14675,176,1.2,,
2026-08-18T16:58:55.614781+00:00,2026-08-18T20:28:55.614781+03:30,TGJU,همیان,صندوق طلای همیان,,16872,,16728,144,0.86,,
2026-08-18T16:58:55.614781+00:00,2026-08-18T20:28:55.614781+03:30,TGJU,میراث,صندوق طلای میراث,,11390,,11316,74,0.65,,
2026-08-18T16:58:55.614781+00:00,2026-08-18T20:28:55.614781+03:30,TGJU,نهال,صندوق طلای نهال,,65403,,65013,390,0.6,,
2026-08-18T16:58:55.614781+00:00,2026-08-18T20:28:55.614781+03:30,TGJU,سافرون,صندوق طلای سافرون,,67420,,67252,168,0.25,,
2026-08-19T09:08:08.110727+00:00,2026-08-19T12:38:08.110727+03:30,TGJU,آتش,صندوق طلای آتش,,34429,,34429,0,0,,
2026-08-19T09:08:08.110727+00:00,2026-08-19T12:38:08.110727+03:30,TGJU,آلتون,صندوق طلای آلتون,,61149,,61149,0,0,,
2026-08-19T09:08:08.110727+00:00,2026-08-19T12:38:08.110727+03:30,TGJU,امرالد,صندوق طلای امرالد,,25811,,25811,0,0,,
2026-08-19T09:08:08.110727+00:00,2026-08-19T12:38:08.110727+03:30,TGJU,تابش,صندوق طلای تابش,,77370,,77370,0,0,,
2026-08-19T09:08:08.110727+00:00,2026-08-19T12:38:08.110727+03:30,TGJU,جام طلا,صندوق طلای جام طلا,,17382,,17382,0,0,,
2026-08-19T09:08:08.110727+00:00,2026-08-19T12:38:08.110727+03:30,TGJU,جواهر,صندوق طلای جواهر,,71900,,71900,0,0,,
2026-08-19T09:08:08.110727+00:00,2026-08-19T12:38:08.110727+03:30,TGJU,درخشان,صندوق طلای درخشان,,34770,,34770,0,0,,
2026-08-19T09:08:08.110727+00:00,2026-08-19T12:38:08.110727+03:30,TGJU,درنا,صندوق طلای درنا,,21860,,21860,0,0,,
2026-08-19T09:08:08.110727+00:00,2026-08-19T12:38:08.110727+03:30,TGJU,رز ترنج,صندوق طلای رز ترنج,,23999,,23999,0,0,,
2026-08-19T09:08:08.110727+00:00,2026-08-19T12:38:08.110727+03:30,TGJU,رزگلد,صندوق طلای رزگلد,,17905,,17905,0,0,,
2026-08-19T09:08:08.110727+00:00,2026-08-19T12:38:08.110727+03:30,TGJU,ریتون,صندوق طلای ریتون,,18490,,18490,0,0,,
2026-08-19T09:08:08.110727+00:00,2026-08-19T12:38:08.110727+03:30,TGJU,زر,صندوق طلای زر,,824549,,824549,0,0,,
2026-08-19T09:08:08.110727+00:00,2026-08-19T12:38:08.110727+03:30,TGJU,زرفام,صندوق طلای زرفام,,141953,,141953,0,0,,
2026-08-19T09:08:08.110727+00:00,2026-08-19T12:38:08.110727+03:30,TGJU,زرگر,صندوق طلای زرگر,,19597,,19597,0,0,,
2026-08-19T09:08:08.110727+00:00,2026-08-19T12:38:08.110727+03:30,TGJU,زروان,صندوق طلای زروان,,38838,,38838,0,0,,
2026-08-19T09:08:08.110727+00:00,2026-08-19T12:38:08.110727+03:30,TGJU,زمرد,صندوق طلای زمرد,,26776,,26776,0,0,,
2026-08-19T09:08:08.110727+00:00,2026-08-19T12:38:08.110727+03:30,TGJU,عیار,صندوق طلای عیار,,539889,,539889,0,0,,
2026-08-19T09:08:08.110727+00:00,2026-08-19T12:38:08.110727+03:30,TGJU,قیراط,صندوق طلای قیراط,,34326,,34326,0,0,,
2026-08-19T09:08:08.110727+00:00,2026-08-19T12:38:08.110727+03:30,TGJU,کهربا,صندوق طلای کهربا,,186195,,186195,0,0,,
2026-08-19T09:08:08.110727+00:00,2026-08-19T12:38:08.110727+03:30,TGJU,گلدا,صندوق طلای گلدا,,17549,,17549,0,0,,
2026-08-19T09:08:08.110727+00:00,2026-08-19T12:38:08.110727+03:30,TGJU,گلدیس,صندوق طلای گلدیس,,37598,,37598,0,0,,
2026-08-19T09:08:08.110727+00:00,2026-08-19T12:38:08.110727+03:30,TGJU,گنج,صندوق طلای گنج,,167150,,167150,0,0,,
2026-08-19T09:08:08.110727+00:00,2026-08-19T12:38:08.110727+03:30,TGJU,گوهر,صندوق طلای گوهر,,921921,,921921,0,0,,
2026-08-19T09:08:08.110727+00:00,2026-08-19T12:38:08.110727+03:30,TGJU,لوتوس,صندوق طلای لوتوس,,1377900,,1377900,0,0,,
2026-08-19T09:08:08.110727+00:00,2026-08-19T12:38:08.110727+03:30,TGJU,لیان,صندوق طلای لیان,,35400,,35400,0,0,,
2026-08-19T09:08:08.110727+00:00,2026-08-19T12:38:08.110727+03:30,TGJU,مثقال,صندوق طلای مثقال,,155754,,155754,0,0,,
2026-08-19T09:08:08.110727+00:00,2026-08-19T12:38:08.110727+03:30,TGJU,ناب,صندوق طلای ناب,,65469,,65469,0,0,,
2026-08-19T09:08:08.110727+00:00,2026-08-19T12:38:08.110727+03:30,TGJU,نفیس,صندوق طلای نفیس,,112054,,112054,0,0,,
2026-08-19T09:08:08.110727+00:00,2026-08-19T12:38:08.110727+03:30,TGJU,نگین فارس,صندوق طلای نگین فارس,,14851,,14851,0,0,,
2026-08-19T09:08:08.110727+00:00,2026-08-19T12:38:08.110727+03:30,TGJU,همیان,صندوق طلای همیان,,16872,,16872,0,0,,
2026-08-19T09:08:08.110727+00:00,2026-08-19T12:38:08.110727+03:30,TGJU,میراث,صندوق طلای میراث,,11390,,11390,0,0,,
2026-08-19T09:08:08.110727+00:00,2026-08-19T12:38:08.110727+03:30,TGJU,نهال,صندوق طلای نهال,,65403,,65403,0,0,,
2026-08-19T09:08:08.110727+00:00,2026-08-19T12:38:08.110727+03:30,TGJU,سافرون,صندوق طلای سافرون,,67420,,67420,0,0,,
2026-08-19T13:59:41.015537+00:00,2026-08-19T17:29:41.015537+03:30,TGJU,آتش,صندوق طلای آتش,,35220,,34428,792,2.3,,
2026-08-19T13:59:41.015537+00:00,2026-08-19T17:29:41.015537+03:30,TGJU,آلتون,صندوق طلای آلتون,,62231,,61149,1082,1.77,,
2026-08-19T13:59:41.015537+00:00,2026-08-19T17:29:41.015537+03:30,TGJU,امرالد,صندوق طلای امرالد,,26352,,25810,542,2.1,,
2026-08-19T13:59:41.015537+00:00,2026-08-19T17:29:41.015537+03:30,TGJU,تابش,صندوق طلای تابش,,78720,,77374,1346,1.74,,
2026-08-19T13:59:41.015537+00:00,2026-08-19T17:29:41.015537+03:30,TGJU,جام طلا,صندوق طلای جام طلا,,17679,,17382,297,1.71,,
2026-08-19T13:59:41.015537+00:00,2026-08-19T17:29:41.015537+03:30,TGJU,جواهر,صندوق طلای جواهر,,73294,,71899,1395,1.94,,
2026-08-19T13:59:41.015537+00:00,2026-08-19T17:29:41.015537+03:30,TGJU,درخشان,صندوق طلای درخشان,,35460,,34772,688,1.98,,
2026-08-19T13:59:41.015537+00:00,2026-08-19T17:29:41.015537+03:30,TGJU,درنا,صندوق طلای درنا,,22290,,21859,431,1.97,,
2026-08-19T13:59:41.015537+00:00,2026-08-19T17:29:41.015537+03:30,TGJU,رز ترنج,صندوق طلای رز ترنج,,24300,,24000,300,1.25,,
2026-08-19T13:59:41.015537+00:00,2026-08-19T17:29:41.015537+03:30,TGJU,رزگلد,صندوق طلای رزگلد,,18227,,17905,322,1.8,,
2026-08-19T13:59:41.015537+00:00,2026-08-19T17:29:41.015537+03:30,TGJU,ریتون,صندوق طلای ریتون,,18800,,18489,311,1.68,,
2026-08-19T13:59:41.015537+00:00,2026-08-19T17:29:41.015537+03:30,TGJU,زر,صندوق طلای زر,,843501,,824537,18964,2.3,,
2026-08-19T13:59:41.015537+00:00,2026-08-19T17:29:41.015537+03:30,TGJU,زرفام,صندوق طلای زرفام,,144576,,141950,2626,1.85,,
2026-08-19T13:59:41.015537+00:00,2026-08-19T17:29:41.015537+03:30,TGJU,زرگر,صندوق طلای زرگر,,19871,,19597,274,1.4,,
2026-08-19T13:59:41.015537+00:00,2026-08-19T17:29:41.015537+03:30,TGJU,زروان,صندوق طلای زروان,,39520,,38836,684,1.76,,
2026-08-19T13:59:41.015537+00:00,2026-08-19T17:29:41.015537+03:30,TGJU,زمرد,صندوق طلای زمرد,,27280,,26777,503,1.88,,
2026-08-19T13:59:41.015537+00:00,2026-08-19T17:29:41.015537+03:30,TGJU,عیار,صندوق طلای عیار,,555158,,539879,15279,2.83,,
2026-08-19T13:59:41.015537+00:00,2026-08-19T17:29:41.015537+03:30,TGJU,قیراط,صندوق طلای قیراط,,35050,,34326,724,2.11,,
2026-08-19T13:59:41.015537+00:00,2026-08-19T17:29:41.015537+03:30,TGJU,کهربا,صندوق طلای کهربا,,190420,,186193,4227,2.27,,
2026-08-19T13:59:41.015537+00:00,2026-08-19T17:29:41.015537+03:30,TGJU,گلدا,صندوق طلای گلدا,,17834,,17550,284,1.62,,
2026-08-19T13:59:41.015537+00:00,2026-08-19T17:29:41.015537+03:30,TGJU,گلدیس,صندوق طلای گلدیس,,38266,,37597,669,1.78,,
2026-08-19T13:59:41.015537+00:00,2026-08-19T17:29:41.015537+03:30,TGJU,گنج,صندوق طلای گنج,,170332,,167156,3176,1.9,,
2026-08-19T13:59:41.015537+00:00,2026-08-19T17:29:41.015537+03:30,TGJU,گوهر,صندوق طلای گوهر,,941195,,921927,19268,2.09,,
2026-08-19T13:59:41.015537+00:00,2026-08-19T17:29:41.015537+03:30,TGJU,لوتوس,صندوق طلای لوتوس,,1407319,,1377833,29486,2.14,,
2026-08-19T13:59:41.015537+00:00,2026-08-19T17:29:41.015537+03:30,TGJU,لیان,صندوق طلای لیان,,36043,,35399,644,1.82,,
2026-08-19T13:59:41.015537+00:00,2026-08-19T17:29:41.015537+03:30,TGJU,مثقال,صندوق طلای مثقال,,159000,,155760,3240,2.08,,
2026-08-19T13:59:41.015537+00:00,2026-08-19T17:29:41.015537+03:30,TGJU,ناب,صندوق طلای ناب,,66871,,65470,1401,2.14,,
2026-08-19T13:59:41.015537+00:00,2026-08-19T17:29:41.015537+03:30,TGJU,نفیس,صندوق طلای نفیس,,114359,,112051,2308,2.06,,
2026-08-19T13:59:41.015537+00:00,2026-08-19T17:29:41.015537+03:30,TGJU,نگین فارس,صندوق طلای نگین فارس,,15100,,14851,249,1.68,,
2026-08-19T13:59:41.015537+00:00,2026-08-19T17:29:41.015537+03:30,TGJU,همیان,صندوق طلای همیان,,17240,,16872,368,2.18,,
2026-08-19T13:59:41.015537+00:00,2026-08-19T17:29:41.015537+03:30,TGJU,میراث,صندوق طلای میراث,,11667,,11390,277,2.43,,
2026-08-19T13:59:41.015537+00:00,2026-08-19T17:29:41.015537+03:30,TGJU,نهال,صندوق طلای نهال,,65450,,65404,46,0.07,,
2026-08-19T13:59:41.015537+00:00,2026-08-19T17:29:41.015537+03:30,TGJU,سافرون,صندوق طلای سافرون,,68236,,67420,816,1.21,,
2026-08-19T16:55:56.855292+00:00,2026-08-19T20:25:56.855292+03:30,TGJU,آتش,صندوق طلای آتش,,35409,,34428,981,2.85,,
2026-08-19T16:55:56.855292+00:00,2026-08-19T20:25:56.855292+03:30,TGJU,آلتون,صندوق طلای آلتون,,62691,,61150,1541,2.52,,
2026-08-19T16:55:56.855292+00:00,2026-08-19T20:25:56.855292+03:30,TGJU,امرالد,صندوق طلای امرالد,,26490,,25811,679,2.63,,
2026-08-19T16:55:56.855292+00:00,2026-08-19T20:25:56.855292+03:30,TGJU,تابش,صندوق طلای تابش,,79319,,77369,1950,2.52,,
2026-08-19T16:55:56.855292+00:00,2026-08-19T20:25:56.855292+03:30,TGJU,جام طلا,صندوق طلای جام طلا,,17834,,17382,452,2.6,,
2026-08-19T16:55:56.855292+00:00,2026-08-19T20:25:56.855292+03:30,TGJU,جواهر,صندوق طلای جواهر,,73800,,71902,1898,2.64,,
2026-08-19T16:55:56.855292+00:00,2026-08-19T20:25:56.855292+03:30,TGJU,درخشان,صندوق طلای درخشان,,35760,,34769,991,2.85,,
2026-08-19T16:55:56.855292+00:00,2026-08-19T20:25:56.855292+03:30,TGJU,درنا,صندوق طلای درنا,,22420,,21860,560,2.56,,
2026-08-19T16:55:56.855292+00:00,2026-08-19T20:25:56.855292+03:30,TGJU,رز ترنج,صندوق طلای رز ترنج,,24500,,23998,502,2.09,,
2026-08-19T16:55:56.855292+00:00,2026-08-19T20:25:56.855292+03:30,TGJU,رزگلد,صندوق طلای رزگلد,,18394,,17905,489,2.73,,
2026-08-19T16:55:56.855292+00:00,2026-08-19T20:25:56.855292+03:30,TGJU,ریتون,صندوق طلای ریتون,,19000,,18490,510,2.76,,
2026-08-19T16:55:56.855292+00:00,2026-08-19T20:25:56.855292+03:30,TGJU,زر,صندوق طلای زر,,848280,,824533,23747,2.88,,
2026-08-19T16:55:56.855292+00:00,2026-08-19T20:25:56.855292+03:30,TGJU,زرفام,صندوق طلای زرفام,,145612,,141950,3662,2.58,,
2026-08-19T16:55:56.855292+00:00,2026-08-19T20:25:56.855292+03:30,TGJU,زرگر,صندوق طلای زرگر,,20080,,19598,482,2.46,,
2026-08-19T16:55:56.855292+00:00,2026-08-19T20:25:56.855292+03:30,TGJU,زروان,صندوق طلای زروان,,39785,,38837,948,2.44,,
2026-08-19T16:55:56.855292+00:00,2026-08-19T20:25:56.855292+03:30,TGJU,زمرد,صندوق طلای زمرد,,27394,,26775,619,2.31,,
2026-08-19T16:55:56.855292+00:00,2026-08-19T20:25:56.855292+03:30,TGJU,عیار,صندوق طلای عیار,,558733,,539891,18842,3.49,,
2026-08-19T16:55:56.855292+00:00,2026-08-19T20:25:56.855292+03:30,TGJU,قیراط,صندوق طلای قیراط,,35280,,34326,954,2.78,,
2026-08-19T16:55:56.855292+00:00,2026-08-19T20:25:56.855292+03:30,TGJU,کهربا,صندوق طلای کهربا,,191788,,186202,5586,3,,
2026-08-19T16:55:56.855292+00:00,2026-08-19T20:25:56.855292+03:30,TGJU,گلدا,صندوق طلای گلدا,,17982,,17549,433,2.47,,
2026-08-19T16:55:56.855292+00:00,2026-08-19T20:25:56.855292+03:30,TGJU,گلدیس,صندوق طلای گلدیس,,38451,,37598,853,2.27,,
2026-08-19T16:55:56.855292+00:00,2026-08-19T20:25:56.855292+03:30,TGJU,گنج,صندوق طلای گنج,,171801,,167154,4647,2.78,,
2026-08-19T16:55:56.855292+00:00,2026-08-19T20:25:56.855292+03:30,TGJU,گوهر,صندوق طلای گوهر,,946800,,921908,24892,2.7,,
2026-08-19T16:55:56.855292+00:00,2026-08-19T20:25:56.855292+03:30,TGJU,لوتوس,صندوق طلای لوتوس,,1420000,,1377838,42162,3.06,,
2026-08-19T16:55:56.855292+00:00,2026-08-19T20:25:56.855292+03:30,TGJU,لیان,صندوق طلای لیان,,36400,,35402,998,2.82,,
2026-08-19T16:55:56.855292+00:00,2026-08-19T20:25:56.855292+03:30,TGJU,مثقال,صندوق طلای مثقال,,159952,,155747,4205,2.7,,
2026-08-19T16:55:56.855292+00:00,2026-08-19T20:25:56.855292+03:30,TGJU,ناب,صندوق طلای ناب,,67400,,65469,1931,2.95,,
2026-08-19T16:55:56.855292+00:00,2026-08-19T20:25:56.855292+03:30,TGJU,نفیس,صندوق طلای نفیس,,115084,,112058,3026,2.7,,
2026-08-19T16:55:56.855292+00:00,2026-08-19T20:25:56.855292+03:30,TGJU,نگین فارس,صندوق طلای نگین فارس,,15218,,14851,367,2.47,,
2026-08-19T16:55:56.855292+00:00,2026-08-19T20:25:56.855292+03:30,TGJU,همیان,صندوق طلای همیان,,17363,,16872,491,2.91,,
2026-08-19T16:55:56.855292+00:00,2026-08-19T20:25:56.855292+03:30,TGJU,میراث,صندوق طلای میراث,,11732,,11390,342,3,,
2026-08-19T16:55:56.855292+00:00,2026-08-19T20:25:56.855292+03:30,TGJU,نهال,صندوق طلای نهال,,65721,,65401,320,0.49,,
2026-08-19T16:55:56.855292+00:00,2026-08-19T20:25:56.855292+03:30,TGJU,سافرون,صندوق طلای سافرون,,67704,,67421,283,0.42,,
2026-08-20T09:17:47.869867+00:00,2026-08-20T12:47:47.869867+03:30,TGJU,آتش,صندوق طلای آتش,,35409,,35409,0,0,,
2026-08-20T09:17:47.869867+00:00,2026-08-20T12:47:47.869867+03:30,TGJU,آلتون,صندوق طلای آلتون,,62691,,62691,0,0,,
2026-08-20T09:17:47.869867+00:00,2026-08-20T12:47:47.869867+03:30,TGJU,امرالد,صندوق طلای امرالد,,26490,,26490,0,0,,
2026-08-20T09:17:47.869867+00:00,2026-08-20T12:47:47.869867+03:30,TGJU,تابش,صندوق طلای تابش,,79319,,79319,0,0,,
2026-08-20T09:17:47.869867+00:00,2026-08-20T12:47:47.869867+03:30,TGJU,جام طلا,صندوق طلای جام طلا,,17834,,17834,0,0,,
2026-08-20T09:17:47.869867+00:00,2026-08-20T12:47:47.869867+03:30,TGJU,جواهر,صندوق طلای جواهر,,73800,,73800,0,0,,
2026-08-20T09:17:47.869867+00:00,2026-08-20T12:47:47.869867+03:30,TGJU,درخشان,صندوق طلای درخشان,,35760,,35760,0,0,,
2026-08-20T09:17:47.869867+00:00,2026-08-20T12:47:47.869867+03:30,TGJU,درنا,صندوق طلای درنا,,22420,,22420,0,0,,
2026-08-20T09:17:47.869867+00:00,2026-08-20T12:47:47.869867+03:30,TGJU,رز ترنج,صندوق طلای رز ترنج,,24500,,24500,0,0,,
2026-08-20T09:17:47.869867+00:00,2026-08-20T12:47:47.869867+03:30,TGJU,رزگلد,صندوق طلای رزگلد,,18394,,18394,0,0,,
2026-08-20T09:17:47.869867+00:00,2026-08-20T12:47:47.869867+03:30,TGJU,ریتون,صندوق طلای ریتون,,19000,,19000,0,0,,
2026-08-20T09:17:47.869867+00:00,2026-08-20T12:47:47.869867+03:30,TGJU,زر,صندوق طلای زر,,848280,,848280,0,0,,
2026-08-20T09:17:47.869867+00:00,2026-08-20T12:47:47.869867+03:30,TGJU,زرفام,صندوق طلای زرفام,,145612,,145612,0,0,,
2026-08-20T09:17:47.869867+00:00,2026-08-20T12:47:47.869867+03:30,TGJU,زرگر,صندوق طلای زرگر,,20080,,20080,0,0,,
2026-08-20T09:17:47.869867+00:00,2026-08-20T12:47:47.869867+03:30,TGJU,زروان,صندوق طلای زروان,,39785,,39785,0,0,,
2026-08-20T09:17:47.869867+00:00,2026-08-20T12:47:47.869867+03:30,TGJU,زمرد,صندوق طلای زمرد,,27394,,27394,0,0,,
2026-08-20T09:17:47.869867+00:00,2026-08-20T12:47:47.869867+03:30,TGJU,عیار,صندوق طلای عیار,,558733,,558733,0,0,,
2026-08-20T09:17:47.869867+00:00,2026-08-20T12:47:47.869867+03:30,TGJU,قیراط,صندوق طلای قیراط,,35280,,35280,0,0,,
2026-08-20T09:17:47.869867+00:00,2026-08-20T12:47:47.869867+03:30,TGJU,کهربا,صندوق طلای کهربا,,191788,,191788,0,0,,
2026-08-20T09:17:47.869867+00:00,2026-08-20T12:47:47.869867+03:30,TGJU,گلدا,صندوق طلای گلدا,,17982,,17982,0,0,,
2026-08-20T09:17:47.869867+00:00,2026-08-20T12:47:47.869867+03:30,TGJU,گلدیس,صندوق طلای گلدیس,,38451,,38451,0,0,,
2026-08-20T09:17:47.869867+00:00,2026-08-20T12:47:47.869867+03:30,TGJU,گنج,صندوق طلای گنج,,171801,,171801,0,0,,
2026-08-20T09:17:47.869867+00:00,2026-08-20T12:47:47.869867+03:30,TGJU,گوهر,صندوق طلای گوهر,,946800,,946800,0,0,,
2026-08-20T09:17:47.869867+00:00,2026-08-20T12:47:47.869867+03:30,TGJU,لوتوس,صندوق طلای لوتوس,,1420000,,1420000,0,0,,
2026-08-20T09:17:47.869867+00:00,2026-08-20T12:47:47.869867+03:30,TGJU,لیان,صندوق طلای لیان,,36400,,36400,0,0,,
2026-08-20T09:17:47.869867+00:00,2026-08-20T12:47:47.869867+03:30,TGJU,مثقال,صندوق طلای مثقال,,159952,,159952,0,0,,
2026-08-20T09:17:47.869867+00:00,2026-08-20T12:47:47.869867+03:30,TGJU,ناب,صندوق طلای ناب,,67400,,67400,0,0,,
2026-08-20T09:17:47.869867+00:00,2026-08-20T12:47:47.869867+03:30,TGJU,نفیس,صندوق طلای نفیس,,115084,,115084,0,0,,
2026-08-20T09:17:47.869867+00:00,2026-08-20T12:47:47.869867+03:30,TGJU,نگین فارس,صندوق طلای نگین فارس,,15218,,15218,0,0,,
2026-08-20T09:17:47.869867+00:00,2026-08-20T12:47:47.869867+03:30,TGJU,همیان,صندوق طلای همیان,,17363,,17363,0,0,,
2026-08-20T09:17:47.869867+00:00,2026-08-20T12:47:47.869867+03:30,TGJU,میراث,صندوق طلای میراث,,11732,,11732,0,0,,
2026-08-20T09:17:47.869867+00:00,2026-08-20T12:47:47.869867+03:30,TGJU,نهال,صندوق طلای نهال,,65721,,65721,0,0,,
2026-08-20T09:17:47.869867+00:00,2026-08-20T12:47:47.869867+03:30,TGJU,سافرون,صندوق طلای سافرون,,67704,,67704,0,0,,
2026-08-20T14:03:21.692663+00:00,2026-08-20T17:33:21.692663+03:30,TGJU,آتش,صندوق طلای آتش,,35409,,35409,0,0,,
2026-08-20T14:03:21.692663+00:00,2026-08-20T17:33:21.692663+03:30,TGJU,آلتون,صندوق طلای آلتون,,62691,,62691,0,0,,
2026-08-20T14:03:21.692663+00:00,2026-08-20T17:33:21.692663+03:30,TGJU,امرالد,صندوق طلای امرالد,,26490,,26490,0,0,,
2026-08-20T14:03:21.692663+00:00,2026-08-20T17:33:21.692663+03:30,TGJU,تابش,صندوق طلای تابش,,79319,,79319,0,0,,
2026-08-20T14:03:21.692663+00:00,2026-08-20T17:33:21.692663+03:30,TGJU,جام طلا,صندوق طلای جام طلا,,17834,,17834,0,0,,
2026-08-20T14:03:21.692663+00:00,2026-08-20T17:33:21.692663+03:30,TGJU,جواهر,صندوق طلای جواهر,,73800,,73800,0,0,,
2026-08-20T14:03:21.692663+00:00,2026-08-20T17:33:21.692663+03:30,TGJU,درخشان,صندوق طلای درخشان,,35760,,35760,0,0,,
2026-08-20T14:03:21.692663+00:00,2026-08-20T17:33:21.692663+03:30,TGJU,درنا,صندوق طلای درنا,,22420,,22420,0,0,,
2026-08-20T14:03:21.692663+00:00,2026-08-20T17:33:21.692663+03:30,TGJU,رز ترنج,صندوق طلای رز ترنج,,24500,,24500,0,0,,
2026-08-20T14:03:21.692663+00:00,2026-08-20T17:33:21.692663+03:30,TGJU,رزگلد,صندوق طلای رزگلد,,18394,,18394,0,0,,
2026-08-20T14:03:21.692663+00:00,2026-08-20T17:33:21.692663+03:30,TGJU,ریتون,صندوق طلای ریتون,,19000,,19000,0,0,,
2026-08-20T14:03:21.692663+00:00,2026-08-20T17:33:21.692663+03:30,TGJU,زر,صندوق طلای زر,,848280,,848280,0,0,,
2026-08-20T14:03:21.692663+00:00,2026-08-20T17:33:21.692663+03:30,TGJU,زرفام,صندوق طلای زرفام,,145612,,145612,0,0,,
2026-08-20T14:03:21.692663+00:00,2026-08-20T17:33:21.692663+03:30,TGJU,زرگر,صندوق طلای زرگر,,20080,,20080,0,0,,
2026-08-20T14:03:21.692663+00:00,2026-08-20T17:33:21.692663+03:30,TGJU,زروان,صندوق طلای زروان,,39785,,39785,0,0,,
2026-08-20T14:03:21.692663+00:00,2026-08-20T17:33:21.692663+03:30,TGJU,زمرد,صندوق طلای زمرد,,27394,,27394,0,0,,
2026-08-20T14:03:21.692663+00:00,2026-08-20T17:33:21.692663+03:30,TGJU,عیار,صندوق طلای عیار,,558733,,558733,0,0,,
2026-08-20T14:03:21.692663+00:00,2026-08-20T17:33:21.692663+03:30,TGJU,قیراط,صندوق طلای قیراط,,35280,,35280,0,0,,
2026-08-20T14:03:21.692663+00:00,2026-08-20T17:33:21.692663+03:30,TGJU,کهربا,صندوق طلای کهربا,,191788,,191788,0,0,,
2026-08-20T14:03:21.692663+00:00,2026-08-20T17:33:21.692663+03:30,TGJU,گلدا,صندوق طلای گلدا,,17982,,17982,0,0,,
2026-08-20T14:03:21.692663+00:00,2026-08-20T17:33:21.692663+03:30,TGJU,گلدیس,صندوق طلای گلدیس,,38451,,38451,0,0,,
2026-08-20T14:03:21.692663+00:00,2026-08-20T17:33:21.692663+03:30,TGJU,گنج,صندوق طلای گنج,,171801,,171801,0,0,,
2026-08-20T14:03:21.692663+00:00,2026-08-20T17:33:21.692663+03:30,TGJU,گوهر,صندوق طلای گوهر,,946800,,946800,0,0,,
2026-08-20T14:03:21.692663+00:00,2026-08-20T17:33:21.692663+03:30,TGJU,لوتوس,صندوق طلای لوتوس,,1420000,,1420000,0,0,,
2026-08-20T14:03:21.692663+00:00,2026-08-20T17:33:21.692663+03:30,TGJU,لیان,صندوق طلای لیان,,36400,,36400,0,0,,
2026-08-20T14:03:21.692663+00:00,2026-08-20T17:33:21.692663+03:30,TGJU,مثقال,صندوق طلای مثقال,,159952,,159952,0,0,,
2026-08-20T14:03:21.692663+00:00,2026-08-20T17:33:21.692663+03:30,TGJU,ناب,صندوق طلای ناب,,67400,,67400,0,0,,
2026-08-20T14:03:21.692663+00:00,2026-08-20T17:33:21.692663+03:30,TGJU,نفیس,صندوق طلای نفیس,,115084,,115084,0,0,,
2026-08-20T14:03:21.692663+00:00,2026-08-20T17:33:21.692663+03:30,TGJU,نگین فارس,صندوق طلای نگین فارس,,15218,,15218,0,0,,
2026-08-20T14:03:21.692663+00:00,2026-08-20T17:33:21.692663+03:30,TGJU,همیان,صندوق طلای همیان,,17363,,17363,0,0,,
2026-08-20T14:03:21.692663+00:00,2026-08-20T17:33:21.692663+03:30,TGJU,میراث,صندوق طلای میراث,,11732,,11732,0,0,,
2026-08-20T14:03:21.692663+00:00,2026-08-20T17:33:21.692663+03:30,TGJU,نهال,صندوق طلای نهال,,65721,,65721,0,0,,
2026-08-20T14:03:21.692663+00:00,2026-08-20T17:33:21.692663+03:30,TGJU,سافرون,صندوق طلای سافرون,,67704,,67704,0,0,,
2026-08-20T17:03:47.877590+00:00,2026-08-20T20:33:47.877590+03:30,TGJU,آتش,صندوق طلای آتش,,35409,,35409,0,0,,
2026-08-20T17:03:47.877590+00:00,2026-08-20T20:33:47.877590+03:30,TGJU,آلتون,صندوق طلای آلتون,,62691,,62691,0,0,,
2026-08-20T17:03:47.877590+00:00,2026-08-20T20:33:47.877590+03:30,TGJU,امرالد,صندوق طلای امرالد,,26490,,26490,0,0,,
2026-08-20T17:03:47.877590+00:00,2026-08-20T20:33:47.877590+03:30,TGJU,تابش,صندوق طلای تابش,,79319,,79319,0,0,,
2026-08-20T17:03:47.877590+00:00,2026-08-20T20:33:47.877590+03:30,TGJU,جام طلا,صندوق طلای جام طلا,,17834,,17834,0,0,,
2026-08-20T17:03:47.877590+00:00,2026-08-20T20:33:47.877590+03:30,TGJU,جواهر,صندوق طلای جواهر,,73800,,73800,0,0,,
2026-08-20T17:03:47.877590+00:00,2026-08-20T20:33:47.877590+03:30,TGJU,درخشان,صندوق طلای درخشان,,35760,,35760,0,0,,
2026-08-20T17:03:47.877590+00:00,2026-08-20T20:33:47.877590+03:30,TGJU,درنا,صندوق طلای درنا,,22420,,22420,0,0,,
2026-08-20T17:03:47.877590+00:00,2026-08-20T20:33:47.877590+03:30,TGJU,رز ترنج,صندوق طلای رز ترنج,,24500,,24500,0,0,,
2026-08-20T17:03:47.877590+00:00,2026-08-20T20:33:47.877590+03:30,TGJU,رزگلد,صندوق طلای رزگلد,,18394,,18394,0,0,,
2026-08-20T17:03:47.877590+00:00,2026-08-20T20:33:47.877590+03:30,TGJU,ریتون,صندوق طلای ریتون,,19000,,19000,0,0,,
2026-08-20T17:03:47.877590+00:00,2026-08-20T20:33:47.877590+03:30,TGJU,زر,صندوق طلای زر,,848280,,848280,0,0,,
2026-08-20T17:03:47.877590+00:00,2026-08-20T20:33:47.877590+03:30,TGJU,زرفام,صندوق طلای زرفام,,145612,,145612,0,0,,
2026-08-20T17:03:47.877590+00:00,2026-08-20T20:33:47.877590+03:30,TGJU,زرگر,صندوق طلای زرگر,,20080,,20080,0,0,,
2026-08-20T17:03:47.877590+00:00,2026-08-20T20:33:47.877590+03:30,TGJU,زروان,صندوق طلای زروان,,39785,,39785,0,0,,
2026-08-20T17:03:47.877590+00:00,2026-08-20T20:33:47.877590+03:30,TGJU,زمرد,صندوق طلای زمرد,,27394,,27394,0,0,,
2026-08-20T17:03:47.877590+00:00,2026-08-20T20:33:47.877590+03:30,TGJU,عیار,صندوق طلای عیار,,558733,,558733,0,0,,
2026-08-20T17:03:47.877590+00:00,2026-08-20T20:33:47.877590+03:30,TGJU,قیراط,صندوق طلای قیراط,,35280,,35280,0,0,,
2026-08-20T17:03:47.877590+00:00,2026-08-20T20:33:47.877590+03:30,TGJU,کهربا,صندوق طلای کهربا,,191788,,191788,0,0,,
2026-08-20T17:03:47.877590+00:00,2026-08-20T20:33:47.877590+03:30,TGJU,گلدا,صندوق طلای گلدا,,17982,,17982,0,0,,
2026-08-20T17:03:47.877590+00:00,2026-08-20T20:33:47.877590+03:30,TGJU,گلدیس,صندوق طلای گلدیس,,38451,,38451,0,0,,
2026-08-20T17:03:47.877590+00:00,2026-08-20T20:33:47.877590+03:30,TGJU,گنج,صندوق طلای گنج,,171801,,171801,0,0,,
2026-08-20T17:03:47.877590+00:00,2026-08-20T20:33:47.877590+03:30,TGJU,گوهر,صندوق طلای گوهر,,946800,,946800,0,0,,
2026-08-20T17:03:47.877590+00:00,2026-08-20T20:33:47.877590+03:30,TGJU,لوتوس,صندوق طلای لوتوس,,1420000,,1420000,0,0,,
2026-08-20T17:03:47.877590+00:00,2026-08-20T20:33:47.877590+03:30,TGJU,لیان,صندوق طلای لیان,,36400,,36400,0,0,,
2026-08-20T17:03:47.877590+00:00,2026-08-20T20:33:47.877590+03:30,TGJU,مثقال,صندوق طلای مثقال,,159952,,159952,0,0,,
2026-08-20T17:03:47.877590+00:00,2026-08-20T20:33:47.877590+03:30,TGJU,ناب,صندوق طلای ناب,,67400,,67400,0,0,,
2026-08-20T17:03:47.877590+00:00,2026-08-20T20:33:47.877590+03:30,TGJU,نفیس,صندوق طلای نفیس,,115084,,115084,0,0,,
2026-08-20T17:03:47.877590+00:00,2026-08-20T20:33:47.877590+03:30,TGJU,نگین فارس,صندوق طلای نگین فارس,,15218,,15218,0,0,,
2026-08-20T17:03:47.877590+00:00,2026-08-20T20:33:47.877590+03:30,TGJU,همیان,صندوق طلای همیان,,17363,,17363,0,0,,
2026-08-20T17:03:47.877590+00:00,2026-08-20T20:33:47.877590+03:30,TGJU,میراث,صندوق طلای میراث,,11732,,11732,0,0,,
2026-08-20T17:03:47.877590+00:00,2026-08-20T20:33:47.877590+03:30,TGJU,نهال,صندوق طلای نهال,,65721,,65721,0,0,,
2026-08-20T17:03:47.877590+00:00,2026-08-20T20:33:47.877590+03:30,TGJU,سافرون,صندوق طلای سافرون,,67704,,67704,0,0,,
2026-08-21T09:20:23.911991+00:00,2026-08-21T12:50:23.911991+03:30,TGJU,آتش,صندوق طلای آتش,,35409,,35409,0,0,,
2026-08-21T09:20:23.911991+00:00,2026-08-21T12:50:23.911991+03:30,TGJU,آلتون,صندوق طلای آلتون,,62691,,62691,0,0,,
2026-08-21T09:20:23.911991+00:00,2026-08-21T12:50:23.911991+03:30,TGJU,امرالد,صندوق طلای امرالد,,26490,,26490,0,0,,
2026-08-21T09:20:23.911991+00:00,2026-08-21T12:50:23.911991+03:30,TGJU,تابش,صندوق طلای تابش,,79319,,79319,0,0,,
2026-08-21T09:20:23.911991+00:00,2026-08-21T12:50:23.911991+03:30,TGJU,جام طلا,صندوق طلای جام طلا,,17834,,17834,0,0,,
2026-08-21T09:20:23.911991+00:00,2026-08-21T12:50:23.911991+03:30,TGJU,جواهر,صندوق طلای جواهر,,73800,,73800,0,0,,
2026-08-21T09:20:23.911991+00:00,2026-08-21T12:50:23.911991+03:30,TGJU,درخشان,صندوق طلای درخشان,,35760,,35760,0,0,,
2026-08-21T09:20:23.911991+00:00,2026-08-21T12:50:23.911991+03:30,TGJU,درنا,صندوق طلای درنا,,22420,,22420,0,0,,
2026-08-21T09:20:23.911991+00:00,2026-08-21T12:50:23.911991+03:30,TGJU,رز ترنج,صندوق طلای رز ترنج,,24500,,24500,0,0,,
2026-08-21T09:20:23.911991+00:00,2026-08-21T12:50:23.911991+03:30,TGJU,رزگلد,صندوق طلای رزگلد,,18394,,18394,0,0,,
2026-08-21T09:20:23.911991+00:00,2026-08-21T12:50:23.911991+03:30,TGJU,ریتون,صندوق طلای ریتون,,19000,,19000,0,0,,
2026-08-21T09:20:23.911991+00:00,2026-08-21T12:50:23.911991+03:30,TGJU,زر,صندوق طلای زر,,848280,,848280,0,0,,
2026-08-21T09:20:23.911991+00:00,2026-08-21T12:50:23.911991+03:30,TGJU,زرفام,صندوق طلای زرفام,,145612,,145612,0,0,,
2026-08-21T09:20:23.911991+00:00,2026-08-21T12:50:23.911991+03:30,TGJU,زرگر,صندوق طلای زرگر,,20080,,20080,0,0,,
2026-08-21T09:20:23.911991+00:00,2026-08-21T12:50:23.911991+03:30,TGJU,زروان,صندوق طلای زروان,,39785,,39785,0,0,,
2026-08-21T09:20:23.911991+00:00,2026-08-21T12:50:23.911991+03:30,TGJU,زمرد,صندوق طلای زمرد,,27394,,27394,0,0,,
2026-08-21T09:20:23.911991+00:00,2026-08-21T12:50:23.911991+03:30,TGJU,عیار,صندوق طلای عیار,,558733,,558733,0,0,,
2026-08-21T09:20:23.911991+00:00,2026-08-21T12:50:23.911991+03:30,TGJU,قیراط,صندوق طلای قیراط,,35280,,35280,0,0,,
2026-08-21T09:20:23.911991+00:00,2026-08-21T12:50:23.911991+03:30,TGJU,کهربا,صندوق طلای کهربا,,191788,,191788,0,0,,
2026-08-21T09:20:23.911991+00:00,2026-08-21T12:50:23.911991+03:30,TGJU,گلدا,صندوق طلای گلدا,,17982,,17982,0,0,,
2026-08-21T09:20:23.911991+00:00,2026-08-21T12:50:23.911991+03:30,TGJU,گلدیس,صندوق طلای گلدیس,,38451,,38451,0,0,,
2026-08-21T09:20:23.911991+00:00,2026-08-21T12:50:23.911991+03:30,TGJU,گنج,صندوق طلای گنج,,171801,,171801,0,0,,
2026-08-21T09:20:23.911991+00:00,2026-08-21T12:50:23.911991+03:30,TGJU,گوهر,صندوق طلای گوهر,,946800,,946800,0,0,,
2026-08-21T09:20:23.911991+00:00,2026-08-21T12:50:23.911991+03:30,TGJU,لوتوس,صندوق طلای لوتوس,,1420000,,1420000,0,0,,
2026-08-21T09:20:23.911991+00:00,2026-08-21T12:50:23.911991+03:30,TGJU,لیان,صندوق طلای لیان,,36400,,36400,0,0,,
2026-08-21T09:20:23.911991+00:00,2026-08-21T12:50:23.911991+03:30,TGJU,مثقال,صندوق طلای مثقال,,159952,,159952,0,0,,
2026-08-21T09:20:23.911991+00:00,2026-08-21T12:50:23.911991+03:30,TGJU,ناب,صندوق طلای ناب,,67400,,67400,0,0,,
2026-08-21T09:20:23.911991+00:00,2026-08-21T12:50:23.911991+03:30,TGJU,نفیس,صندوق طلای نفیس,,115084,,115084,0,0,,
2026-08-21T09:20:23.911991+00:00,2026-08-21T12:50:23.911991+03:30,TGJU,نگین فارس,صندوق طلای نگین فارس,,15218,,15218,0,0,,
2026-08-21T09:20:23.911991+00:00,2026-08-21T12:50:23.911991+03:30,TGJU,همیان,صندوق طلای همیان,,17363,,17363,0,0,,
2026-08-21T09:20:23.911991+00:00,2026-08-21T12:50:23.911991+03:30,TGJU,میراث,صندوق طلای میراث,,11732,,11732,0,0,,
2026-08-21T09:20:23.911991+00:00,2026-08-21T12:50:23.911991+03:30,TGJU,نهال,صندوق طلای نهال,,65721,,65721,0,0,,
2026-08-21T09:20:23.911991+00:00,2026-08-21T12:50:23.911991+03:30,TGJU,سافرون,صندوق طلای سافرون,,67704,,67704,0,0,,
2026-08-21T14:00:10.705440+00:00,2026-08-21T17:30:10.705440+03:30,TGJU,آتش,صندوق طلای آتش,,35409,,35409,0,0,,
2026-08-21T14:00:10.705440+00:00,2026-08-21T17:30:10.705440+03:30,TGJU,آلتون,صندوق طلای آلتون,,62691,,62691,0,0,,
2026-08-21T14:00:10.705440+00:00,2026-08-21T17:30:10.705440+03:30,TGJU,امرالد,صندوق طلای امرالد,,26490,,26490,0,0,,
2026-08-21T14:00:10.705440+00:00,2026-08-21T17:30:10.705440+03:30,TGJU,تابش,صندوق طلای تابش,,79319,,79319,0,0,,
2026-08-21T14:00:10.705440+00:00,2026-08-21T17:30:10.705440+03:30,TGJU,جام طلا,صندوق طلای جام طلا,,17834,,17834,0,0,,
2026-08-21T14:00:10.705440+00:00,2026-08-21T17:30:10.705440+03:30,TGJU,جواهر,صندوق طلای جواهر,,73800,,73800,0,0,,
2026-08-21T14:00:10.705440+00:00,2026-08-21T17:30:10.705440+03:30,TGJU,درخشان,صندوق طلای درخشان,,35760,,35760,0,0,,
2026-08-21T14:00:10.705440+00:00,2026-08-21T17:30:10.705440+03:30,TGJU,درنا,صندوق طلای درنا,,22420,,22420,0,0,,
2026-08-21T14:00:10.705440+00:00,2026-08-21T17:30:10.705440+03:30,TGJU,رز ترنج,صندوق طلای رز ترنج,,24500,,24500,0,0,,
2026-08-21T14:00:10.705440+00:00,2026-08-21T17:30:10.705440+03:30,TGJU,رزگلد,صندوق طلای رزگلد,,18394,,18394,0,0,,
2026-08-21T14:00:10.705440+00:00,2026-08-21T17:30:10.705440+03:30,TGJU,ریتون,صندوق طلای ریتون,,19000,,19000,0,0,,
2026-08-21T14:00:10.705440+00:00,2026-08-21T17:30:10.705440+03:30,TGJU,زر,صندوق طلای زر,,848280,,848280,0,0,,
2026-08-21T14:00:10.705440+00:00,2026-08-21T17:30:10.705440+03:30,TGJU,زرفام,صندوق طلای زرفام,,145612,,145612,0,0,,
2026-08-21T14:00:10.705440+00:00,2026-08-21T17:30:10.705440+03:30,TGJU,زرگر,صندوق طلای زرگر,,20080,,20080,0,0,,
2026-08-21T14:00:10.705440+00:00,2026-08-21T17:30:10.705440+03:30,TGJU,زروان,صندوق طلای زروان,,39785,,39785,0,0,,
2026-08-21T14:00:10.705440+00:00,2026-08-21T17:30:10.705440+03:30,TGJU,زمرد,صندوق طلای زمرد,,27394,,27394,0,0,,
2026-08-21T14:00:10.705440+00:00,2026-08-21T17:30:10.705440+03:30,TGJU,عیار,صندوق طلای عیار,,558733,,558733,0,0,,
2026-08-21T14:00:10.705440+00:00,2026-08-21T17:30:10.705440+03:30,TGJU,قیراط,صندوق طلای قیراط,,35280,,35280,0,0,,
2026-08-21T14:00:10.705440+00:00,2026-08-21T17:30:10.705440+03:30,TGJU,کهربا,صندوق طلای کهربا,,191788,,191788,0,0,,
2026-08-21T14:00:10.705440+00:00,2026-08-21T17:30:10.705440+03:30,TGJU,گلدا,صندوق طلای گلدا,,17982,,17982,0,0,,
2026-08-21T14:00:10.705440+00:00,2026-08-21T17:30:10.705440+03:30,TGJU,گلدیس,صندوق طلای گلدیس,,38451,,38451,0,0,,
2026-08-21T14:00:10.705440+00:00,2026-08-21T17:30:10.705440+03:30,TGJU,گنج,صندوق طلای گنج,,171801,,171801,0,0,,
2026-08-21T14:00:10.705440+00:00,2026-08-21T17:30:10.705440+03:30,TGJU,گوهر,صندوق طلای گوهر,,946800,,946800,0,0,,
2026-08-21T14:00:10.705440+00:00,2026-08-21T17:30:10.705440+03:30,TGJU,لوتوس,صندوق طلای لوتوس,,1420000,,1420000,0,0,,
2026-08-21T14:00:10.705440+00:00,2026-08-21T17:30:10.705440+03:30,TGJU,لیان,صندوق طلای لیان,,36400,,36400,0,0,,
2026-08-21T14:00:10.705440+00:00,2026-08-21T17:30:10.705440+03:30,TGJU,مثقال,صندوق طلای مثقال,,159952,,159952,0,0,,
2026-08-21T14:00:10.705440+00:00,2026-08-21T17:30:10.705440+03:30,TGJU,ناب,صندوق طلای ناب,,67400,,67400,0,0,,
2026-08-21T14:00:10.705440+00:00,2026-08-21T17:30:10.705440+03:30,TGJU,نفیس,صندوق طلای نفیس,,115084,,115084,0,0,,
2026-08-21T14:00:10.705440+00:00,2026-08-21T17:30:10.705440+03:30,TGJU,نگین فارس,صندوق طلای نگین فارس,,15218,,15218,0,0,,
2026-08-21T14:00:10.705440+00:00,2026-08-21T17:30:10.705440+03:30,TGJU,همیان,صندوق طلای همیان,,17363,,17363,0,0,,
2026-08-21T14:00:10.705440+00:00,2026-08-21T17:30:10.705440+03:30,TGJU,میراث,صندوق طلای میراث,,11732,,11732,0,0,,
2026-08-21T14:00:10.705440+00:00,2026-08-21T17:30:10.705440+03:30,TGJU,نهال,صندوق طلای نهال,,65721,,65721,0,0,,
2026-08-21T14:00:10.705440+00:00,2026-08-21T17:30:10.705440+03:30,TGJU,سافرون,صندوق طلای سافرون,,67704,,67704,0,0,,
2026-08-21T17:03:20.295451+00:00,2026-08-21T20:33:20.295451+03:30,TGJU,آتش,صندوق طلای آتش,,35409,,35409,0,0,,
2026-08-21T17:03:20.295451+00:00,2026-08-21T20:33:20.295451+03:30,TGJU,آلتون,صندوق طلای آلتون,,62691,,62691,0,0,,
2026-08-21T17:03:20.295451+00:00,2026-08-21T20:33:20.295451+03:30,TGJU,امرالد,صندوق طلای امرالد,,26490,,26490,0,0,,
2026-08-21T17:03:20.295451+00:00,2026-08-21T20:33:20.295451+03:30,TGJU,تابش,صندوق طلای تابش,,79319,,79319,0,0,,
2026-08-21T17:03:20.295451+00:00,2026-08-21T20:33:20.295451+03:30,TGJU,جام طلا,صندوق طلای جام طلا,,17834,,17834,0,0,,
2026-08-21T17:03:20.295451+00:00,2026-08-21T20:33:20.295451+03:30,TGJU,جواهر,صندوق طلای جواهر,,73800,,73800,0,0,,
2026-08-21T17:03:20.295451+00:00,2026-08-21T20:33:20.295451+03:30,TGJU,درخشان,صندوق طلای درخشان,,35760,,35760,0,0,,
2026-08-21T17:03:20.295451+00:00,2026-08-21T20:33:20.295451+03:30,TGJU,درنا,صندوق طلای درنا,,22420,,22420,0,0,,
2026-08-21T17:03:20.295451+00:00,2026-08-21T20:33:20.295451+03:30,TGJU,رز ترنج,صندوق طلای رز ترنج,,24500,,24500,0,0,,
2026-08-21T17:03:20.295451+00:00,2026-08-21T20:33:20.295451+03:30,TGJU,رزگلد,صندوق طلای رزگلد,,18394,,18394,0,0,,
2026-08-21T17:03:20.295451+00:00,2026-08-21T20:33:20.295451+03:30,TGJU,ریتون,صندوق طلای ریتون,,19000,,19000,0,0,,
2026-08-21T17:03:20.295451+00:00,2026-08-21T20:33:20.295451+03:30,TGJU,زر,صندوق طلای زر,,848280,,848280,0,0,,
2026-08-21T17:03:20.295451+00:00,2026-08-21T20:33:20.295451+03:30,TGJU,زرفام,صندوق طلای زرفام,,145612,,145612,0,0,,
2026-08-21T17:03:20.295451+00:00,2026-08-21T20:33:20.295451+03:30,TGJU,زرگر,صندوق طلای زرگر,,20080,,20080,0,0,,
2026-08-21T17:03:20.295451+00:00,2026-08-21T20:33:20.295451+03:30,TGJU,زروان,صندوق طلای زروان,,39785,,39785,0,0,,
2026-08-21T17:03:20.295451+00:00,2026-08-21T20:33:20.295451+03:30,TGJU,زمرد,صندوق طلای زمرد,,27394,,27394,0,0,,
2026-08-21T17:03:20.295451+00:00,2026-08-21T20:33:20.295451+03:30,TGJU,عیار,صندوق طلای عیار,,558733,,558733,0,0,,
2026-08-21T17:03:20.295451+00:00,2026-08-21T20:33:20.295451+03:30,TGJU,قیراط,صندوق طلای قیراط,,35280,,35280,0,0,,
2026-08-21T17:03:20.295451+00:00,2026-08-21T20:33:20.295451+03:30,TGJU,کهربا,صندوق طلای کهربا,,191788,,191788,0,0,,
2026-08-21T17:03:20.295451+00:00,2026-08-21T20:33:20.295451+03:30,TGJU,گلدا,صندوق طلای گلدا,,17982,,17982,0,0,,
2026-08-21T17:03:20.295451+00:00,2026-08-21T20:33:20.295451+03:30,TGJU,گلدیس,صندوق طلای گلدیس,,38451,,38451,0,0,,
2026-08-21T17:03:20.295451+00:00,2026-08-21T20:33:20.295451+03:30,TGJU,گنج,صندوق طلای گنج,,171801,,171801,0,0,,
2026-08-21T17:03:20.295451+00:00,2026-08-21T20:33:20.295451+03:30,TGJU,گوهر کیان,صندوق طلای گوهر کیان,,946800,,946800,0,0,,
2026-08-21T17:03:20.295451+00:00,2026-08-21T20:33:20.295451+03:30,TGJU,لوتوس,صندوق طلای لوتوس,,1420000,,1420000,0,0,,
2026-08-21T17:03:20.295451+00:00,2026-08-21T20:33:20.295451+03:30,TGJU,لیان,صندوق طلای لیان,,36400,,36400,0,0,,
2026-08-21T17:03:20.295451+00:00,2026-08-21T20:33:20.295451+03:30,TGJU,مثقال,صندوق طلای مثقال,,159952,,159952,0,0,,
2026-08-21T17:03:20.295451+00:00,2026-08-21T20:33:20.295451+03:30,TGJU,ناب,صندوق طلای ناب,,67400,,67400,0,0,,
2026-08-21T17:03:20.295451+00:00,2026-08-21T20:33:20.295451+03:30,TGJU,نفیس,صندوق طلای نفیس,,115084,,115084,0,0,,
2026-08-21T17:03:20.295451+00:00,2026-08-21T20:33:20.295451+03:30,TGJU,نگین فارس,صندوق طلای نگین فارس,,15218,,15218,0,0,,
2026-08-21T17:03:20.295451+00:00,2026-08-21T20:33:20.295451+03:30,TGJU,همیان,صندوق طلای همیان,,17363,,17363,0,0,,
2026-08-21T17:03:20.295451+00:00,2026-08-21T20:33:20.295451+03:30,TGJU,میراث,صندوق طلای میراث,,11732,,11732,0,0,,
2026-08-21T17:03:20.295451+00:00,2026-08-21T20:33:20.295451+03:30,TGJU,نهال,صندوق طلای نهال,,65721,,65721,0,0,,
2026-08-21T17:03:20.295451+00:00,2026-08-21T20:33:20.295451+03:30,TGJU,سافرون,صندوق طلای سافرون,,67704,,67704,0,0,,
2026-08-22T08:58:30.716166+00:00,2026-08-22T12:28:30.716166+03:30,TGJU,آتش,صندوق طلای آتش,,35409,,35409,0,0,,
2026-08-22T08:58:30.716166+00:00,2026-08-22T12:28:30.716166+03:30,TGJU,آلتون,صندوق طلای آلتون,,62691,,62691,0,0,,
2026-08-22T08:58:30.716166+00:00,2026-08-22T12:28:30.716166+03:30,TGJU,امرالد,صندوق طلای امرالد,,26490,,26490,0,0,,
2026-08-22T08:58:30.716166+00:00,2026-08-22T12:28:30.716166+03:30,TGJU,تابش,صندوق طلای تابش,,79319,,79319,0,0,,
2026-08-22T08:58:30.716166+00:00,2026-08-22T12:28:30.716166+03:30,TGJU,جام طلا,صندوق طلای جام طلا,,17834,,17834,0,0,,
2026-08-22T08:58:30.716166+00:00,2026-08-22T12:28:30.716166+03:30,TGJU,جواهر,صندوق طلای جواهر,,73800,,73800,0,0,,
2026-08-22T08:58:30.716166+00:00,2026-08-22T12:28:30.716166+03:30,TGJU,درخشان,صندوق طلای درخشان,,35760,,35760,0,0,,
2026-08-22T08:58:30.716166+00:00,2026-08-22T12:28:30.716166+03:30,TGJU,درنا,صندوق طلای درنا,,22420,,22420,0,0,,
2026-08-22T08:58:30.716166+00:00,2026-08-22T12:28:30.716166+03:30,TGJU,رز ترنج,صندوق طلای رز ترنج,,24500,,24500,0,0,,
2026-08-22T08:58:30.716166+00:00,2026-08-22T12:28:30.716166+03:30,TGJU,رزگلد,صندوق طلای رزگلد,,18394,,18394,0,0,,
2026-08-22T08:58:30.716166+00:00,2026-08-22T12:28:30.716166+03:30,TGJU,ریتون,صندوق طلای ریتون,,19000,,19000,0,0,,
2026-08-22T08:58:30.716166+00:00,2026-08-22T12:28:30.716166+03:30,TGJU,زر,صندوق طلای زر,,848280,,848280,0,0,,
2026-08-22T08:58:30.716166+00:00,2026-08-22T12:28:30.716166+03:30,TGJU,زرفام,صندوق طلای زرفام,,145612,,145612,0,0,,
2026-08-22T08:58:30.716166+00:00,2026-08-22T12:28:30.716166+03:30,TGJU,زرگر,صندوق طلای زرگر,,20080,,20080,0,0,,
2026-08-22T08:58:30.716166+00:00,2026-08-22T12:28:30.716166+03:30,TGJU,زروان,صندوق طلای زروان,,39785,,39785,0,0,,
2026-08-22T08:58:30.716166+00:00,2026-08-22T12:28:30.716166+03:30,TGJU,زمرد,صندوق طلای زمرد,,27394,,27394,0,0,,
2026-08-22T08:58:30.716166+00:00,2026-08-22T12:28:30.716166+03:30,TGJU,عیار,صندوق طلای عیار,,558733,,558733,0,0,,
2026-08-22T08:58:30.716166+00:00,2026-08-22T12:28:30.716166+03:30,TGJU,قیراط,صندوق طلای قیراط,,35280,,35280,0,0,,
2026-08-22T08:58:30.716166+00:00,2026-08-22T12:28:30.716166+03:30,TGJU,کهربا,صندوق طلای کهربا,,191788,,191788,0,0,,
2026-08-22T08:58:30.716166+00:00,2026-08-22T12:28:30.716166+03:30,TGJU,گلدا,صندوق طلای گلدا,,17982,,17982,0,0,,
2026-08-22T08:58:30.716166+00:00,2026-08-22T12:28:30.716166+03:30,TGJU,گلدیس,صندوق طلای گلدیس,,38451,,38451,0,0,,
2026-08-22T08:58:30.716166+00:00,2026-08-22T12:28:30.716166+03:30,TGJU,گنج,صندوق طلای گنج,,171801,,171801,0,0,,
2026-08-22T08:58:30.716166+00:00,2026-08-22T12:28:30.716166+03:30,TGJU,گوهر,صندوق طلای گوهر,,946800,,946800,0,0,,
2026-08-22T08:58:30.716166+00:00,2026-08-22T12:28:30.716166+03:30,TGJU,لوتوس,صندوق طلای لوتوس,,1420000,,1420000,0,0,,
2026-08-22T08:58:30.716166+00:00,2026-08-22T12:28:30.716166+03:30,TGJU,لیان,صندوق طلای لیان,,36400,,36400,0,0,,
2026-08-22T08:58:30.716166+00:00,2026-08-22T12:28:30.716166+03:30,TGJU,مثقال,صندوق طلای مثقال,,159952,,159952,0,0,,
2026-08-22T08:58:30.716166+00:00,2026-08-22T12:28:30.716166+03:30,TGJU,ناب,صندوق طلای ناب,,67400,,67400,0,0,,
2026-08-22T08:58:30.716166+00:00,2026-08-22T12:28:30.716166+03:30,TGJU,نفیس,صندوق طلای نفیس,,115084,,115084,0,0,,
2026-08-22T08:58:30.716166+00:00,2026-08-22T12:28:30.716166+03:30,TGJU,نگین فارس,صندوق طلای نگین فارس,,15218,,15218,0,0,,
2026-08-22T08:58:30.716166+00:00,2026-08-22T12:28:30.716166+03:30,TGJU,همیان,صندوق طلای همیان,,17363,,17363,0,0,,
2026-08-22T08:58:30.716166+00:00,2026-08-22T12:28:30.716166+03:30,TGJU,میراث,صندوق طلای میراث,,11732,,11732,0,0,,
2026-08-22T08:58:30.716166+00:00,2026-08-22T12:28:30.716166+03:30,TGJU,نهال,صندوق طلای نهال,,65721,,65721,0,0,,
2026-08-22T08:58:30.716166+00:00,2026-08-22T12:28:30.716166+03:30,TGJU,سافرون,صندوق طلای سافرون,,67704,,67704,0,0,,
2026-08-22T12:00:16.544545+00:00,2026-08-22T15:30:16.544545+03:30,TGJU,آتش,صندوق طلای آتش,,37500,,35407,2093,5.91,,
2026-08-22T12:00:16.544545+00:00,2026-08-22T15:30:16.544545+03:30,TGJU,آلتون,صندوق طلای آلتون,,66576,,62689,3887,6.2,,
2026-08-22T12:00:16.544545+00:00,2026-08-22T15:30:16.544545+03:30,TGJU,امرالد,صندوق طلای امرالد,,28161,,26490,1671,6.31,,
2026-08-22T12:00:16.544545+00:00,2026-08-22T15:30:16.544545+03:30,TGJU,تابش,صندوق طلای تابش,,84401,,79317,5084,6.41,,
2026-08-22T12:00:16.544545+00:00,2026-08-22T15:30:16.544545+03:30,TGJU,جام طلا,صندوق طلای جام طلا,,18898,,17833,1065,5.97,,
2026-08-22T12:00:16.544545+00:00,2026-08-22T15:30:16.544545+03:30,TGJU,جواهر,صندوق طلای جواهر,,78367,,73799,4568,6.19,,
2026-08-22T12:00:16.544545+00:00,2026-08-22T15:30:16.544545+03:30,TGJU,درخشان,صندوق طلای درخشان,,37992,,35761,2231,6.24,,
2026-08-22T12:00:16.544545+00:00,2026-08-22T15:30:16.544545+03:30,TGJU,درنا,صندوق طلای درنا,,24005,,22420,1585,7.07,,
2026-08-22T12:00:16.544545+00:00,2026-08-22T15:30:16.544545+03:30,TGJU,رز ترنج,صندوق طلای رز ترنج,,25981,,24501,1480,6.04,,
2026-08-22T12:00:16.544545+00:00,2026-08-22T15:30:16.544545+03:30,TGJU,رزگلد,صندوق طلای رزگلد,,19500,,18394,1106,6.01,,
2026-08-22T12:00:16.544545+00:00,2026-08-22T15:30:16.544545+03:30,TGJU,ریتون,صندوق طلای ریتون,,20034,,19000,1034,5.44,,
2026-08-22T12:00:16.544545+00:00,2026-08-22T15:30:16.544545+03:30,TGJU,زر,صندوق طلای زر,,899798,,848306,51492,6.07,,
2026-08-22T12:00:16.544545+00:00,2026-08-22T15:30:16.544545+03:30,TGJU,زرفام,صندوق طلای زرفام,,154492,,145610,8882,6.1,,
2026-08-22T12:00:16.544545+00:00,2026-08-22T15:30:16.544545+03:30,TGJU,زرگر,صندوق طلای زرگر,,21222,,20079,1143,5.69,,
2026-08-22T12:00:16.544545+00:00,2026-08-22T15:30:16.544545+03:30,TGJU,زروان,صندوق طلای زروان,,42351,,39785,2566,6.45,,
2026-08-22T12:00:16.544545+00:00,2026-08-22T15:30:16.544545+03:30,TGJU,زمرد,صندوق طلای زمرد,,29005,,27394,1611,5.88,,
2026-08-22T12:00:16.544545+00:00,2026-08-22T15:30:16.544545+03:30,TGJU,عیار,صندوق طلای عیار,,593500,,558746,34754,6.22,,
2026-08-22T12:00:16.544545+00:00,2026-08-22T15:30:16.544545+03:30,TGJU,قیراط,صندوق طلای قیراط,,37498,,35279,2219,6.29,,
2026-08-22T12:00:16.544545+00:00,2026-08-22T15:30:16.544545+03:30,TGJU,کهربا,صندوق طلای کهربا,,203161,,191788,11373,5.93,,
2026-08-22T12:00:16.544545+00:00,2026-08-22T15:30:16.544545+03:30,TGJU,گلدا,صندوق طلای گلدا,,18951,,17982,969,5.39,,
2026-08-22T12:00:16.544545+00:00,2026-08-22T15:30:16.544545+03:30,TGJU,گلدیس,صندوق طلای گلدیس,,40806,,38453,2353,6.12,,
2026-08-22T12:00:16.544545+00:00,2026-08-22T15:30:16.544545+03:30,TGJU,گنج,صندوق طلای گنج,,182190,,171796,10394,6.05,,
2026-08-22T12:00:16.544545+00:00,2026-08-22T15:30:16.544545+03:30,TGJU,گوهر,صندوق طلای گوهر,,1006308,,946757,59551,6.29,,
2026-08-22T12:00:16.544545+00:00,2026-08-22T15:30:16.544545+03:30,TGJU,لوتوس,صندوق طلای لوتوس,,1501150,,1420064,81086,5.71,,
2026-08-22T12:00:16.544545+00:00,2026-08-22T15:30:16.544545+03:30,TGJU,لیان,صندوق طلای لیان,,38444,,36398,2046,5.62,,
2026-08-22T12:00:16.544545+00:00,2026-08-22T15:30:16.544545+03:30,TGJU,مثقال,صندوق طلای مثقال,,170040,,159947,10093,6.31,,
2026-08-22T12:00:16.544545+00:00,2026-08-22T15:30:16.544545+03:30,TGJU,ناب,صندوق طلای ناب,,71374,,67398,3976,5.9,,
2026-08-22T12:00:16.544545+00:00,2026-08-22T15:30:16.544545+03:30,TGJU,نفیس,صندوق طلای نفیس,,122305,,115089,7216,6.27,,
2026-08-22T12:00:16.544545+00:00,2026-08-22T15:30:16.544545+03:30,TGJU,نگین فارس,صندوق طلای نگین فارس,,16050,,15218,832,5.47,,
2026-08-22T12:00:16.544545+00:00,2026-08-22T15:30:16.544545+03:30,TGJU,همیان,صندوق طلای همیان,,18478,,17363,1115,6.42,,
2026-08-22T12:00:16.544545+00:00,2026-08-22T15:30:16.544545+03:30,TGJU,میراث,صندوق طلای میراث,,12472,,11732,740,6.31,,
2026-08-22T12:00:16.544545+00:00,2026-08-22T15:30:16.544545+03:30,TGJU,نهال,صندوق طلای نهال,,69786,,65718,4068,6.19,,
2026-08-22T12:00:16.544545+00:00,2026-08-22T15:30:16.544545+03:30,TGJU,سافرون,صندوق طلای سافرون,,70161,,67703,2458,3.63,,
2026-08-22T15:58:37.710689+00:00,2026-08-22T19:28:37.710689+03:30,TGJU,آتش,صندوق طلای آتش,,37457,,35410,2047,5.78,,
2026-08-22T15:58:37.710689+00:00,2026-08-22T19:28:37.710689+03:30,TGJU,آلتون,صندوق طلای آلتون,,66480,,62693,3787,6.04,,
2026-08-22T15:58:37.710689+00:00,2026-08-22T19:28:37.710689+03:30,TGJU,امرالد,صندوق طلای امرالد,,28117,,26490,1627,6.14,,
2026-08-22T15:58:37.710689+00:00,2026-08-22T19:28:37.710689+03:30,TGJU,تابش,صندوق طلای تابش,,84125,,79318,4807,6.06,,
2026-08-22T15:58:37.710689+00:00,2026-08-22T19:28:37.710689+03:30,TGJU,جام طلا,صندوق طلای جام طلا,,18795,,17834,961,5.39,,
2026-08-22T15:58:37.710689+00:00,2026-08-22T19:28:37.710689+03:30,TGJU,جواهر,صندوق طلای جواهر,,78287,,73800,4487,6.08,,
2026-08-22T15:58:37.710689+00:00,2026-08-22T19:28:37.710689+03:30,TGJU,درخشان,صندوق طلای درخشان,,37950,,35761,2189,6.12,,
2026-08-22T15:58:37.710689+00:00,2026-08-22T19:28:37.710689+03:30,TGJU,درنا,صندوق طلای درنا,,23900,,22420,1480,6.6,,
2026-08-22T15:58:37.710689+00:00,2026-08-22T19:28:37.710689+03:30,TGJU,رز ترنج,صندوق طلای رز ترنج,,25999,,24500,1499,6.12,,
2026-08-22T15:58:37.710689+00:00,2026-08-22T19:28:37.710689+03:30,TGJU,رزگلد,صندوق طلای رزگلد,,19479,,18394,1085,5.9,,
2026-08-22T15:58:37.710689+00:00,2026-08-22T19:28:37.710689+03:30,TGJU,ریتون,صندوق طلای ریتون,,19990,,19000,990,5.21,,
2026-08-22T15:58:37.710689+00:00,2026-08-22T19:28:37.710689+03:30,TGJU,زر,صندوق طلای زر,,896799,,848278,48521,5.72,,
2026-08-22T15:58:37.710689+00:00,2026-08-22T19:28:37.710689+03:30,TGJU,زرفام,صندوق طلای زرفام,,154180,,145618,8562,5.88,,
2026-08-22T15:58:37.710689+00:00,2026-08-22T19:28:37.710689+03:30,TGJU,زرگر,صندوق طلای زرگر,,21280,,20079,1201,5.98,,
2026-08-22T15:58:37.710689+00:00,2026-08-22T19:28:37.710689+03:30,TGJU,زروان,صندوق طلای زروان,,42290,,39784,2506,6.3,,
2026-08-22T15:58:37.710689+00:00,2026-08-22T19:28:37.710689+03:30,TGJU,زمرد,صندوق طلای زمرد,,28960,,27393,1567,5.72,,
2026-08-22T15:58:37.710689+00:00,2026-08-22T19:28:37.710689+03:30,TGJU,عیار,صندوق طلای عیار,,594005,,558748,35257,6.31,,
2026-08-22T15:58:37.710689+00:00,2026-08-22T19:28:37.710689+03:30,TGJU,قیراط,صندوق طلای قیراط,,37560,,35281,2279,6.46,,
2026-08-22T15:58:37.710689+00:00,2026-08-22T19:28:37.710689+03:30,TGJU,کهربا,صندوق طلای کهربا,,202402,,191796,10606,5.53,,
2026-08-22T15:58:37.710689+00:00,2026-08-22T19:28:37.710689+03:30,TGJU,گلدا,صندوق طلای گلدا,,18991,,17982,1009,5.61,,
2026-08-22T15:58:37.710689+00:00,2026-08-22T19:28:37.710689+03:30,TGJU,گلدیس,صندوق طلای گلدیس,,40876,,38450,2426,6.31,,
2026-08-22T15:58:37.710689+00:00,2026-08-22T19:28:37.710689+03:30,TGJU,گنج,صندوق طلای گنج,,182220,,171808,10412,6.06,,
2026-08-22T15:58:37.710689+00:00,2026-08-22T19:28:37.710689+03:30,TGJU,گوهر,صندوق طلای گوهر,,1005667,,946777,58890,6.22,,
2026-08-22T15:58:37.710689+00:00,2026-08-22T19:28:37.710689+03:30,TGJU,لوتوس,صندوق طلای لوتوس,,1498000,,1420040,77960,5.49,,
2026-08-22T15:58:37.710689+00:00,2026-08-22T19:28:37.710689+03:30,TGJU,لیان,صندوق طلای لیان,,38500,,36400,2100,5.77,,
2026-08-22T15:58:37.710689+00:00,2026-08-22T19:28:37.710689+03:30,TGJU,مثقال,صندوق طلای مثقال,,169251,,159957,9294,5.81,,
2026-08-22T15:58:37.710689+00:00,2026-08-22T19:28:37.710689+03:30,TGJU,ناب,صندوق طلای ناب,,71280,,67398,3882,5.76,,
2026-08-22T15:58:37.710689+00:00,2026-08-22T19:28:37.710689+03:30,TGJU,نفیس,صندوق طلای نفیس,,122015,,115087,6928,6.02,,
2026-08-22T15:58:37.710689+00:00,2026-08-22T19:28:37.710689+03:30,TGJU,نگین فارس,صندوق طلای نگین فارس,,16033,,15217,816,5.36,,
2026-08-22T15:58:37.710689+00:00,2026-08-22T19:28:37.710689+03:30,TGJU,همیان,صندوق طلای همیان,,18386,,17363,1023,5.89,,
2026-08-22T15:58:37.710689+00:00,2026-08-22T19:28:37.710689+03:30,TGJU,میراث,صندوق طلای میراث,,12509,,11732,777,6.62,,
2026-08-22T15:58:37.710689+00:00,2026-08-22T19:28:37.710689+03:30,TGJU,نهال,صندوق طلای نهال,,69548,,65723,3825,5.82,,
2026-08-22T15:58:37.710689+00:00,2026-08-22T19:28:37.710689+03:30,TGJU,سافرون,صندوق طلای سافرون,,70260,,67701,2559,3.78,,
2026-08-23T08:58:52.439186+00:00,2026-08-23T12:28:52.439186+03:30,TGJU,آتش,صندوق طلای آتش,,38900,,37458,1442,3.85,,
2026-08-23T08:58:52.439186+00:00,2026-08-23T12:28:52.439186+03:30,TGJU,آلتون,صندوق طلای آلتون,,69100,,66481,2619,3.94,,
2026-08-23T08:58:52.439186+00:00,2026-08-23T12:28:52.439186+03:30,TGJU,امرالد,صندوق طلای امرالد,,29205,,28117,1088,3.87,,
2026-08-23T08:58:52.439186+00:00,2026-08-23T12:28:52.439186+03:30,TGJU,تابش,صندوق طلای تابش,,87705,,84121,3584,4.26,,
2026-08-23T08:58:52.439186+00:00,2026-08-23T12:28:52.439186+03:30,TGJU,جام طلا,صندوق طلای جام طلا,,19670,,18794,876,4.66,,
2026-08-23T08:58:52.439186+00:00,2026-08-23T12:28:52.439186+03:30,TGJU,جواهر,صندوق طلای جواهر,,81103,,78285,2818,3.6,,
2026-08-23T08:58:52.439186+00:00,2026-08-23T12:28:52.439186+03:30,TGJU,درخشان,صندوق طلای درخشان,,39440,,37949,1491,3.93,,
2026-08-23T08:58:52.439186+00:00,2026-08-23T12:28:52.439186+03:30,TGJU,درنا,صندوق طلای درنا,,24924,,23901,1023,4.28,,
2026-08-23T08:58:52.439186+00:00,2026-08-23T12:28:52.439186+03:30,TGJU,رز ترنج,صندوق طلای رز ترنج,,26988,,26000,988,3.8,,
2026-08-23T08:58:52.439186+00:00,2026-08-23T12:28:52.439186+03:30,TGJU,رزگلد,صندوق طلای رزگلد,,20288,,19480,808,4.15,,
2026-08-23T08:58:52.439186+00:00,2026-08-23T12:28:52.439186+03:30,TGJU,ریتون,صندوق طلای ریتون,,20801,,19989,812,4.06,,
2026-08-23T08:58:52.439186+00:00,2026-08-23T12:28:52.439186+03:30,TGJU,زر,صندوق طلای زر,,933317,,896817,36500,4.07,,
2026-08-23T08:58:52.439186+00:00,2026-08-23T12:28:52.439186+03:30,TGJU,زرفام,صندوق طلای زرفام,,159720,,154185,5535,3.59,,
2026-08-23T08:58:52.439186+00:00,2026-08-23T12:28:52.439186+03:30,TGJU,زرگر,صندوق طلای زرگر,,22070,,21280,790,3.71,,
2026-08-23T08:58:52.439186+00:00,2026-08-23T12:28:52.439186+03:30,TGJU,زروان,صندوق طلای زروان,,43995,,42291,1704,4.03,,
2026-08-23T08:58:52.439186+00:00,2026-08-23T12:28:52.439186+03:30,TGJU,زمرد,صندوق طلای زمرد,,30019,,28959,1060,3.66,,
2026-08-23T08:58:52.439186+00:00,2026-08-23T12:28:52.439186+03:30,TGJU,عیار,صندوق طلای عیار,,614919,,594010,20909,3.52,,
2026-08-23T08:58:52.439186+00:00,2026-08-23T12:28:52.439186+03:30,TGJU,قیراط,صندوق طلای قیراط,,39100,,37560,1540,4.1,,
2026-08-23T08:58:52.439186+00:00,2026-08-23T12:28:52.439186+03:30,TGJU,کهربا,صندوق طلای کهربا,,210290,,202397,7893,3.9,,
2026-08-23T08:58:52.439186+00:00,2026-08-23T12:28:52.439186+03:30,TGJU,گلدا,صندوق طلای گلدا,,19591,,18991,600,3.16,,
2026-08-23T08:58:52.439186+00:00,2026-08-23T12:28:52.439186+03:30,TGJU,گلدیس,صندوق طلای گلدیس,,42400,,40875,1525,3.73,,
2026-08-23T08:58:52.439186+00:00,2026-08-23T12:28:52.439186+03:30,TGJU,گنج,صندوق طلای گنج,,188588,,182228,6360,3.49,,
2026-08-23T08:58:52.439186+00:00,2026-08-23T12:28:52.439186+03:30,TGJU,گوهر کیان,صندوق طلای گوهر کیان,,1047500,,1005664,41836,4.16,,
2026-08-23T08:58:52.439186+00:00,2026-08-23T12:28:52.439186+03:30,TGJU,لوتوس,صندوق طلای لوتوس,,1554997,,1498070,56927,3.8,,
2026-08-23T08:58:52.439186+00:00,2026-08-23T12:28:52.439186+03:30,TGJU,لیان,صندوق طلای لیان,,39828,,38500,1328,3.45,,
2026-08-23T08:58:52.439186+00:00,2026-08-23T12:28:52.439186+03:30,TGJU,مثقال,صندوق طلای مثقال,,176426,,169250,7176,4.24,,
2026-08-23T08:58:52.439186+00:00,2026-08-23T12:28:52.439186+03:30,TGJU,ناب,صندوق طلای ناب,,73776,,71281,2495,3.5,,
2026-08-23T08:58:52.439186+00:00,2026-08-23T12:28:52.439186+03:30,TGJU,نفیس,صندوق طلای نفیس,,126699,,122014,4685,3.84,,
2026-08-23T08:58:52.439186+00:00,2026-08-23T12:28:52.439186+03:30,TGJU,نگین فارس,صندوق طلای نگین فارس,,16537,,16034,503,3.14,,
2026-08-23T08:58:52.439186+00:00,2026-08-23T12:28:52.439186+03:30,TGJU,همیان,صندوق طلای همیان,,19080,,18387,693,3.77,,
2026-08-23T08:58:52.439186+00:00,2026-08-23T12:28:52.439186+03:30,TGJU,میراث,صندوق طلای میراث,,13004,,12509,495,3.96,,
2026-08-23T08:58:52.439186+00:00,2026-08-23T12:28:52.439186+03:30,TGJU,نهال,صندوق طلای نهال,,72000,,69545,2455,3.53,,
2026-08-23T08:58:52.439186+00:00,2026-08-23T12:28:52.439186+03:30,TGJU,سافرون,صندوق طلای سافرون,,71600,,70258,1342,1.91,,
2026-08-23T12:00:26.001460+00:00,2026-08-23T15:30:26.001460+03:30,TGJU,آتش,صندوق طلای آتش,,38977,,37456,1521,4.06,,
2026-08-23T12:00:26.001460+00:00,2026-08-23T15:30:26.001460+03:30,TGJU,آلتون,صندوق طلای آلتون,,69301,,66482,2819,4.24,,
2026-08-23T12:00:26.001460+00:00,2026-08-23T15:30:26.001460+03:30,TGJU,امرالد,صندوق طلای امرالد,,29323,,28117,1206,4.29,,
2026-08-23T12:00:26.001460+00:00,2026-08-23T15:30:26.001460+03:30,TGJU,تابش,صندوق طلای تابش,,87798,,84122,3676,4.37,,
2026-08-23T12:00:26.001460+00:00,2026-08-23T15:30:26.001460+03:30,TGJU,جام طلا,صندوق طلای جام طلا,,19659,,18794,865,4.6,,
2026-08-23T12:00:26.001460+00:00,2026-08-23T15:30:26.001460+03:30,TGJU,جواهر,صندوق طلای جواهر,,81799,,78284,3515,4.49,,
2026-08-23T12:00:26.001460+00:00,2026-08-23T15:30:26.001460+03:30,TGJU,درخشان,صندوق طلای درخشان,,39403,,37950,1453,3.83,,
2026-08-23T12:00:26.001460+00:00,2026-08-23T15:30:26.001460+03:30,TGJU,درنا,صندوق طلای درنا,,24892,,23900,992,4.15,,
2026-08-23T12:00:26.001460+00:00,2026-08-23T15:30:26.001460+03:30,TGJU,رز ترنج,صندوق طلای رز ترنج,,27109,,25999,1110,4.27,,
2026-08-23T12:00:26.001460+00:00,2026-08-23T15:30:26.001460+03:30,TGJU,رزگلد,صندوق طلای رزگلد,,20258,,19479,779,4,,
2026-08-23T12:00:26.001460+00:00,2026-08-23T15:30:26.001460+03:30,TGJU,ریتون,صندوق طلای ریتون,,20760,,19990,770,3.85,,
2026-08-23T12:00:26.001460+00:00,2026-08-23T15:30:26.001460+03:30,TGJU,زر,صندوق طلای زر,,929307,,896841,32466,3.62,,
2026-08-23T12:00:26.001460+00:00,2026-08-23T15:30:26.001460+03:30,TGJU,زرفام,صندوق طلای زرفام,,160490,,154184,6306,4.09,,
2026-08-23T12:00:26.001460+00:00,2026-08-23T15:30:26.001460+03:30,TGJU,زرگر,صندوق طلای زرگر,,22001,,21280,721,3.39,,
2026-08-23T12:00:26.001460+00:00,2026-08-23T15:30:26.001460+03:30,TGJU,زروان,صندوق طلای زروان,,44130,,42290,1840,4.35,,
2026-08-23T12:00:26.001460+00:00,2026-08-23T15:30:26.001460+03:30,TGJU,زمرد,صندوق طلای زمرد,,30000,,28960,1040,3.59,,
2026-08-23T12:00:26.001460+00:00,2026-08-23T15:30:26.001460+03:30,TGJU,عیار,صندوق طلای عیار,,615182,,593977,21205,3.57,,
2026-08-23T12:00:26.001460+00:00,2026-08-23T15:30:26.001460+03:30,TGJU,قیراط,صندوق طلای قیراط,,39000,,37561,1439,3.83,,
2026-08-23T12:00:26.001460+00:00,2026-08-23T15:30:26.001460+03:30,TGJU,کهربا,صندوق طلای کهربا,,210583,,202406,8177,4.04,,
2026-08-23T12:00:26.001460+00:00,2026-08-23T15:30:26.001460+03:30,TGJU,گلدا,صندوق طلای گلدا,,19598,,18990,608,3.2,,
2026-08-23T12:00:26.001460+00:00,2026-08-23T15:30:26.001460+03:30,TGJU,گلدیس,صندوق طلای گلدیس,,42350,,40874,1476,3.61,,
2026-08-23T12:00:26.001460+00:00,2026-08-23T15:30:26.001460+03:30,TGJU,گنج,صندوق طلای گنج,,189370,,182227,7143,3.92,,
2026-08-23T12:00:26.001460+00:00,2026-08-23T15:30:26.001460+03:30,TGJU,گوهر,صندوق طلای گوهر,,1044000,,1005683,38317,3.81,,
2026-08-23T12:00:26.001460+00:00,2026-08-23T15:30:26.001460+03:30,TGJU,لوتوس,صندوق طلای لوتوس,,1557483,,1498012,59471,3.97,,
2026-08-23T12:00:26.001460+00:00,2026-08-23T15:30:26.001460+03:30,TGJU,لیان,صندوق طلای لیان,,39900,,38499,1401,3.64,,
2026-08-23T12:00:26.001460+00:00,2026-08-23T15:30:26.001460+03:30,TGJU,مثقال,صندوق طلای مثقال,,176536,,169258,7278,4.3,,
2026-08-23T12:00:26.001460+00:00,2026-08-23T15:30:26.001460+03:30,TGJU,ناب,صندوق طلای ناب,,74322,,71278,3044,4.27,,
2026-08-23T12:00:26.001460+00:00,2026-08-23T15:30:26.001460+03:30,TGJU,نفیس,صندوق طلای نفیس,,126868,,122012,4856,3.98,,
2026-08-23T12:00:26.001460+00:00,2026-08-23T15:30:26.001460+03:30,TGJU,نگین فارس,صندوق طلای نگین فارس,,16666,,16033,633,3.95,,
2026-08-23T12:00:26.001460+00:00,2026-08-23T15:30:26.001460+03:30,TGJU,همیان,صندوق طلای همیان,,19136,,18386,750,4.08,,
2026-08-23T12:00:26.001460+00:00,2026-08-23T15:30:26.001460+03:30,TGJU,میراث,صندوق طلای میراث,,13001,,12509,492,3.93,,
2026-08-23T12:00:26.001460+00:00,2026-08-23T15:30:26.001460+03:30,TGJU,نهال,صندوق طلای نهال,,71000,,69546,1454,2.09,,
2026-08-23T12:00:26.001460+00:00,2026-08-23T15:30:26.001460+03:30,TGJU,سافرون,صندوق طلای سافرون,,70738,,70260,478,0.68,,
2026-08-23T16:00:45.902831+00:00,2026-08-23T19:30:45.902831+03:30,TGJU,آتش,صندوق طلای آتش,,38398,,37458,940,2.51,,
2026-08-23T16:00:45.902831+00:00,2026-08-23T19:30:45.902831+03:30,TGJU,آلتون,صندوق طلای آلتون,,68358,,66483,1875,2.82,,
2026-08-23T16:00:45.902831+00:00,2026-08-23T19:30:45.902831+03:30,TGJU,امرالد,صندوق طلای امرالد,,29230,,28117,1113,3.96,,
2026-08-23T16:00:45.902831+00:00,2026-08-23T19:30:45.902831+03:30,TGJU,تابش,صندوق طلای تابش,,86920,,84127,2793,3.32,,
2026-08-23T16:00:45.902831+00:00,2026-08-23T19:30:45.902831+03:30,TGJU,جام طلا,صندوق طلای جام طلا,,19452,,18794,658,3.5,,
2026-08-23T16:00:45.902831+00:00,2026-08-23T19:30:45.902831+03:30,TGJU,جواهر,صندوق طلای جواهر,,80700,,78289,2411,3.08,,
2026-08-23T16:00:45.902831+00:00,2026-08-23T19:30:45.902831+03:30,TGJU,درخشان,صندوق طلای درخشان,,38952,,37950,1002,2.64,,
2026-08-23T16:00:45.902831+00:00,2026-08-23T19:30:45.902831+03:30,TGJU,درنا,صندوق طلای درنا,,24782,,23900,882,3.69,,
2026-08-23T16:00:45.902831+00:00,2026-08-23T19:30:45.902831+03:30,TGJU,رز ترنج,صندوق طلای رز ترنج,,26870,,25999,871,3.35,,
2026-08-23T16:00:45.902831+00:00,2026-08-23T19:30:45.902831+03:30,TGJU,رزگلد,صندوق طلای رزگلد,,20153,,19479,674,3.46,,
2026-08-23T16:00:45.902831+00:00,2026-08-23T19:30:45.902831+03:30,TGJU,ریتون,صندوق طلای ریتون,,20542,,19990,552,2.76,,
2026-08-23T16:00:45.902831+00:00,2026-08-23T19:30:45.902831+03:30,TGJU,زر,صندوق طلای زر,,921000,,896787,24213,2.7,,
2026-08-23T16:00:45.902831+00:00,2026-08-23T19:30:45.902831+03:30,TGJU,زرفام,صندوق طلای زرفام,,158720,,154187,4533,2.94,,
2026-08-23T16:00:45.902831+00:00,2026-08-23T19:30:45.902831+03:30,TGJU,زرگر,صندوق طلای زرگر,,21930,,21281,649,3.05,,
2026-08-23T16:00:45.902831+00:00,2026-08-23T19:30:45.902831+03:30,TGJU,زروان,صندوق طلای زروان,,43660,,42290,1370,3.24,,
2026-08-23T16:00:45.902831+00:00,2026-08-23T19:30:45.902831+03:30,TGJU,زمرد,صندوق طلای زمرد,,29837,,28960,877,3.03,,
2026-08-23T16:00:45.902831+00:00,2026-08-23T19:30:45.902831+03:30,TGJU,عیار,صندوق طلای عیار,,606799,,594027,12772,2.15,,
2026-08-23T16:00:45.902831+00:00,2026-08-23T19:30:45.902831+03:30,TGJU,قیراط,صندوق طلای قیراط,,38509,,37559,950,2.53,,
2026-08-23T16:00:45.902831+00:00,2026-08-23T19:30:45.902831+03:30,TGJU,کهربا,صندوق طلای کهربا,,207494,,202394,5100,2.52,,
2026-08-23T16:00:45.902831+00:00,2026-08-23T19:30:45.902831+03:30,TGJU,گلدا,صندوق طلای گلدا,,19544,,18991,553,2.91,,
2026-08-23T16:00:45.902831+00:00,2026-08-23T19:30:45.902831+03:30,TGJU,گلدیس,صندوق طلای گلدیس,,41989,,40877,1112,2.72,,
2026-08-23T16:00:45.902831+00:00,2026-08-23T19:30:45.902831+03:30,TGJU,گنج,صندوق طلای گنج,,186800,,182226,4574,2.51,,
2026-08-23T16:00:45.902831+00:00,2026-08-23T19:30:45.902831+03:30,TGJU,گوهر,صندوق طلای گوهر,,1034000,,1005641,28359,2.82,,
2026-08-23T16:00:45.902831+00:00,2026-08-23T19:30:45.902831+03:30,TGJU,لوتوس,صندوق طلای لوتوس,,1535500,,1498049,37451,2.5,,
2026-08-23T16:00:45.902831+00:00,2026-08-23T19:30:45.902831+03:30,TGJU,لیان,صندوق طلای لیان,,39606,,38501,1105,2.87,,
2026-08-23T16:00:45.902831+00:00,2026-08-23T19:30:45.902831+03:30,TGJU,مثقال,صندوق طلای مثقال,,174200,,169258,4942,2.92,,
2026-08-23T16:00:45.902831+00:00,2026-08-23T19:30:45.902831+03:30,TGJU,ناب,صندوق طلای ناب,,73274,,71278,1996,2.8,,
2026-08-23T16:00:45.902831+00:00,2026-08-23T19:30:45.902831+03:30,TGJU,نفیس,صندوق طلای نفیس,,125562,,122011,3551,2.91,,
2026-08-23T16:00:45.902831+00:00,2026-08-23T19:30:45.902831+03:30,TGJU,نگین فارس,صندوق طلای نگین فارس,,16700,,16033,667,4.16,,
2026-08-23T16:00:45.902831+00:00,2026-08-23T19:30:45.902831+03:30,TGJU,همیان,صندوق طلای همیان,,18950,,18386,564,3.07,,
2026-08-23T16:00:45.902831+00:00,2026-08-23T19:30:45.902831+03:30,TGJU,میراث,صندوق طلای میراث,,12915,,12508,407,3.25,,
2026-08-23T16:00:45.902831+00:00,2026-08-23T19:30:45.902831+03:30,TGJU,نهال,صندوق طلای نهال,,71800,,69547,2253,3.24,,
2026-08-23T16:00:45.902831+00:00,2026-08-23T19:30:45.902831+03:30,TGJU,سافرون,صندوق طلای سافرون,,71121,,70257,864,1.23,,
2026-08-24T10:07:54.628648+00:00,2026-08-24T13:37:54.628648+03:30,TGJU,آتش,صندوق طلای آتش,,38950,,38397,553,1.44,,
2026-08-24T10:07:54.628648+00:00,2026-08-24T13:37:54.628648+03:30,TGJU,آلتون,صندوق طلای آلتون,,69301,,68358,943,1.38,,
2026-08-24T10:07:54.628648+00:00,2026-08-24T13:37:54.628648+03:30,TGJU,امرالد,صندوق طلای امرالد,,29376,,29230,146,0.5,,
2026-08-24T10:07:54.628648+00:00,2026-08-24T13:37:54.628648+03:30,TGJU,تابش,صندوق طلای تابش,,88000,,86922,1078,1.24,,
2026-08-24T10:07:54.628648+00:00,2026-08-24T13:37:54.628648+03:30,TGJU,جام طلا,صندوق طلای جام طلا,,19744,,19452,292,1.5,,
2026-08-24T10:07:54.628648+00:00,2026-08-24T13:37:54.628648+03:30,TGJU,جواهر,صندوق طلای جواهر,,81500,,80701,799,0.99,,
2026-08-24T10:07:54.628648+00:00,2026-08-24T13:37:54.628648+03:30,TGJU,درخشان,صندوق طلای درخشان,,39415,,38951,464,1.19,,
2026-08-24T10:07:54.628648+00:00,2026-08-24T13:37:54.628648+03:30,TGJU,درنا,صندوق طلای درنا,,25000,,24782,218,0.88,,
2026-08-24T10:07:54.628648+00:00,2026-08-24T13:37:54.628648+03:30,TGJU,رز ترنج,صندوق طلای رز ترنج,,27211,,26870,341,1.27,,
2026-08-24T10:07:54.628648+00:00,2026-08-24T13:37:54.628648+03:30,TGJU,رزگلد,صندوق طلای رزگلد,,20355,,20153,202,1,,
2026-08-24T10:07:54.628648+00:00,2026-08-24T13:37:54.628648+03:30,TGJU,ریتون,صندوق طلای ریتون,,20836,,20542,294,1.43,,
2026-08-24T10:07:54.628648+00:00,2026-08-24T13:37:54.628648+03:30,TGJU,زر,صندوق طلای زر,,930995,,920957,10038,1.09,,
2026-08-24T10:07:54.628648+00:00,2026-08-24T13:37:54.628648+03:30,TGJU,زرفام,صندوق طلای زرفام,,160894,,158720,2174,1.37,,
2026-08-24T10:07:54.628648+00:00,2026-08-24T13:37:54.628648+03:30,TGJU,زرگر,صندوق طلای زرگر,,22304,,21929,375,1.71,,
2026-08-24T10:07:54.628648+00:00,2026-08-24T13:37:54.628648+03:30,TGJU,زروان,صندوق طلای زروان,,44228,,43660,568,1.3,,
2026-08-24T10:07:54.628648+00:00,2026-08-24T13:37:54.628648+03:30,TGJU,زمرد,صندوق طلای زمرد,,30200,,29836,364,1.22,,
2026-08-24T10:07:54.628648+00:00,2026-08-24T13:37:54.628648+03:30,TGJU,عیار,صندوق طلای عیار,,612800,,606793,6007,0.99,,
2026-08-24T10:07:54.628648+00:00,2026-08-24T13:37:54.628648+03:30,TGJU,قیراط,صندوق طلای قیراط,,38986,,38508,478,1.24,,
2026-08-24T10:07:54.628648+00:00,2026-08-24T13:37:54.628648+03:30,TGJU,کهربا,صندوق طلای کهربا,,210300,,207499,2801,1.35,,
2026-08-24T10:07:54.628648+00:00,2026-08-24T13:37:54.628648+03:30,TGJU,گلدا,صندوق طلای گلدا,,19585,,19544,41,0.21,,
2026-08-24T10:07:54.628648+00:00,2026-08-24T13:37:54.628648+03:30,TGJU,گلدیس,صندوق طلای گلدیس,,42455,,41989,466,1.11,,
2026-08-24T10:07:54.628648+00:00,2026-08-24T13:37:54.628648+03:30,TGJU,گنج,صندوق طلای گنج,,189079,,186800,2279,1.22,,
2026-08-24T10:07:54.628648+00:00,2026-08-24T13:37:54.628648+03:30,TGJU,گوهر,صندوق طلای گوهر,,1045100,,1034036,11064,1.07,,
2026-08-24T10:07:54.628648+00:00,2026-08-24T13:37:54.628648+03:30,TGJU,لوتوس,صندوق طلای لوتوس,,1551997,,1535566,16431,1.07,,
2026-08-24T10:07:54.628648+00:00,2026-08-24T13:37:54.628648+03:30,TGJU,لیان,صندوق طلای لیان,,39910,,39605,305,0.77,,
2026-08-24T10:07:54.628648+00:00,2026-08-24T13:37:54.628648+03:30,TGJU,مثقال,صندوق طلای مثقال,,176200,,174197,2003,1.15,,
2026-08-24T10:07:54.628648+00:00,2026-08-24T13:37:54.628648+03:30,TGJU,ناب,صندوق طلای ناب,,74179,,73270,909,1.24,,
2026-08-24T10:07:54.628648+00:00,2026-08-24T13:37:54.628648+03:30,TGJU,نفیس,صندوق طلای نفیس,,127069,,125562,1507,1.2,,
2026-08-24T10:07:54.628648+00:00,2026-08-24T13:37:54.628648+03:30,TGJU,نگین فارس,صندوق طلای نگین فارس,,16668,,16636,32,0.19,,
2026-08-24T10:07:54.628648+00:00,2026-08-24T13:37:54.628648+03:30,TGJU,همیان,صندوق طلای همیان,,19112,,18951,161,0.85,,
2026-08-24T10:07:54.628648+00:00,2026-08-24T13:37:54.628648+03:30,TGJU,میراث,صندوق طلای میراث,,13014,,12915,99,0.77,,
2026-08-24T10:07:54.628648+00:00,2026-08-24T13:37:54.628648+03:30,TGJU,نهال,صندوق طلای نهال,,69610,,67484,2126,3.15,,
2026-08-24T10:07:54.628648+00:00,2026-08-24T13:37:54.628648+03:30,TGJU,سافرون,صندوق طلای سافرون,,72199,,71118,1081,1.52,,
2026-08-24T14:07:47.122358+00:00,2026-08-24T17:37:47.122358+03:30,TGJU,آتش,صندوق طلای آتش,,38836,,38398,438,1.14,,
2026-08-24T14:07:47.122358+00:00,2026-08-24T17:37:47.122358+03:30,TGJU,آلتون,صندوق طلای آلتون,,69193,,68359,834,1.22,,
2026-08-24T14:07:47.122358+00:00,2026-08-24T17:37:47.122358+03:30,TGJU,امرالد,صندوق طلای امرالد,,29390,,29229,161,0.55,,
2026-08-24T14:07:47.122358+00:00,2026-08-24T17:37:47.122358+03:30,TGJU,تابش,صندوق طلای تابش,,87750,,86924,826,0.95,,
2026-08-24T14:07:47.122358+00:00,2026-08-24T17:37:47.122358+03:30,TGJU,جام طلا,صندوق طلای جام طلا,,19857,,19452,405,2.08,,
2026-08-24T14:07:47.122358+00:00,2026-08-24T17:37:47.122358+03:30,TGJU,جواهر,صندوق طلای جواهر,,81175,,80699,476,0.59,,
2026-08-24T14:07:47.122358+00:00,2026-08-24T17:37:47.122358+03:30,TGJU,درخشان,صندوق طلای درخشان,,39400,,38952,448,1.15,,
2026-08-24T14:07:47.122358+00:00,2026-08-24T17:37:47.122358+03:30,TGJU,درنا,صندوق طلای درنا,,25100,,24783,317,1.28,,
2026-08-24T14:07:47.122358+00:00,2026-08-24T17:37:47.122358+03:30,TGJU,رز ترنج,صندوق طلای رز ترنج,,27205,,26869,336,1.25,,
2026-08-24T14:07:47.122358+00:00,2026-08-24T17:37:47.122358+03:30,TGJU,رزگلد,صندوق طلای رزگلد,,20264,,20153,111,0.55,,
2026-08-24T14:07:47.122358+00:00,2026-08-24T17:37:47.122358+03:30,TGJU,ریتون,صندوق طلای ریتون,,20820,,20543,277,1.35,,
2026-08-24T14:07:47.122358+00:00,2026-08-24T17:37:47.122358+03:30,TGJU,زر,صندوق طلای زر,,928345,,920977,7368,0.8,,
2026-08-24T14:07:47.122358+00:00,2026-08-24T17:37:47.122358+03:30,TGJU,زرفام,صندوق طلای زرفام,,160200,,158724,1476,0.93,,
2026-08-24T14:07:47.122358+00:00,2026-08-24T17:37:47.122358+03:30,TGJU,زرگر,صندوق طلای زرگر,,22260,,21931,329,1.5,,
2026-08-24T14:07:47.122358+00:00,2026-08-24T17:37:47.122358+03:30,TGJU,زروان,صندوق طلای زروان,,44056,,43659,397,0.91,,
2026-08-24T14:07:47.122358+00:00,2026-08-24T17:37:47.122358+03:30,TGJU,زمرد,صندوق طلای زمرد,,30084,,29836,248,0.83,,
2026-08-24T14:07:47.122358+00:00,2026-08-24T17:37:47.122358+03:30,TGJU,عیار,صندوق طلای عیار,,609070,,606825,2245,0.37,,
2026-08-24T14:07:47.122358+00:00,2026-08-24T17:37:47.122358+03:30,TGJU,قیراط,صندوق طلای قیراط,,39095,,38510,585,1.52,,
2026-08-24T14:07:47.122358+00:00,2026-08-24T17:37:47.122358+03:30,TGJU,کهربا,صندوق طلای کهربا,,208956,,207503,1453,0.7,,
2026-08-24T14:07:47.122358+00:00,2026-08-24T17:37:47.122358+03:30,TGJU,گلدا,صندوق طلای گلدا,,19511,,19478,33,0.17,,
2026-08-24T14:07:47.122358+00:00,2026-08-24T17:37:47.122358+03:30,TGJU,گلدیس,صندوق طلای گلدیس,,42474,,41987,487,1.16,,
2026-08-24T14:07:47.122358+00:00,2026-08-24T17:37:47.122358+03:30,TGJU,گنج,صندوق طلای گنج,,188186,,186804,1382,0.74,,
2026-08-24T14:07:47.122358+00:00,2026-08-24T17:37:47.122358+03:30,TGJU,گوهر,صندوق طلای گوهر,,1041848,,1033990,7858,0.76,,
2026-08-24T14:07:47.122358+00:00,2026-08-24T17:37:47.122358+03:30,TGJU,لوتوس,صندوق طلای لوتوس,,1545570,,1535436,10134,0.66,,
2026-08-24T14:07:47.122358+00:00,2026-08-24T17:37:47.122358+03:30,TGJU,لیان,صندوق طلای لیان,,39984,,39608,376,0.95,,
2026-08-24T14:07:47.122358+00:00,2026-08-24T17:37:47.122358+03:30,TGJU,مثقال,صندوق طلای مثقال,,175617,,174206,1411,0.81,,
2026-08-24T14:07:47.122358+00:00,2026-08-24T17:37:47.122358+03:30,TGJU,ناب,صندوق طلای ناب,,74179,,73270,909,1.24,,
2026-08-24T14:07:47.122358+00:00,2026-08-24T17:37:47.122358+03:30,TGJU,نفیس,صندوق طلای نفیس,,126650,,125558,1092,0.87,,
2026-08-24T14:07:47.122358+00:00,2026-08-24T17:37:47.122358+03:30,TGJU,نگین فارس,صندوق طلای نگین فارس,,16658,,16616,42,0.25,,
2026-08-24T14:07:47.122358+00:00,2026-08-24T17:37:47.122358+03:30,TGJU,همیان,صندوق طلای همیان,,19169,,18949,220,1.16,,
2026-08-24T14:07:47.122358+00:00,2026-08-24T17:37:47.122358+03:30,TGJU,میراث,صندوق طلای میراث,,13050,,12914,136,1.05,,
2026-08-24T14:07:47.122358+00:00,2026-08-24T17:37:47.122358+03:30,TGJU,نهال,صندوق طلای نهال,,70481,,69187,1294,1.87,,
2026-08-24T14:07:47.122358+00:00,2026-08-24T17:37:47.122358+03:30,TGJU,سافرون,صندوق طلای سافرون,,71613,,71122,491,0.69,,
2026-08-24T17:15:49.021089+00:00,2026-08-24T20:45:49.021089+03:30,TGJU,آتش,صندوق طلای آتش,,38703,,38400,303,0.79,,
2026-08-24T17:15:49.021089+00:00,2026-08-24T20:45:49.021089+03:30,TGJU,آلتون,صندوق طلای آلتون,,69191,,68357,834,1.22,,
2026-08-24T17:15:49.021089+00:00,2026-08-24T20:45:49.021089+03:30,TGJU,امرالد,صندوق طلای امرالد,,29229,,29229,0,0,,
2026-08-24T17:15:49.021089+00:00,2026-08-24T20:45:49.021089+03:30,TGJU,تابش,صندوق طلای تابش,,87650,,86920,730,0.84,,
2026-08-24T17:15:49.021089+00:00,2026-08-24T20:45:49.021089+03:30,TGJU,جام طلا,صندوق طلای جام طلا,,19707,,19452,255,1.31,,
2026-08-24T17:15:49.021089+00:00,2026-08-24T20:45:49.021089+03:30,TGJU,جواهر,صندوق طلای جواهر,,81049,,80702,347,0.43,,
2026-08-24T17:15:49.021089+00:00,2026-08-24T20:45:49.021089+03:30,TGJU,درخشان,صندوق طلای درخشان,,39300,,38953,347,0.89,,
2026-08-24T17:15:49.021089+00:00,2026-08-24T20:45:49.021089+03:30,TGJU,درنا,صندوق طلای درنا,,24909,,24783,126,0.51,,
2026-08-24T17:15:49.021089+00:00,2026-08-24T20:45:49.021089+03:30,TGJU,رز ترنج,صندوق طلای رز ترنج,,27211,,26870,341,1.27,,
2026-08-24T17:15:49.021089+00:00,2026-08-24T20:45:49.021089+03:30,TGJU,رزگلد,صندوق طلای رزگلد,,20176,,20154,22,0.11,,
2026-08-24T17:15:49.021089+00:00,2026-08-24T20:45:49.021089+03:30,TGJU,ریتون,صندوق طلای ریتون,,20720,,20541,179,0.87,,
2026-08-24T17:15:49.021089+00:00,2026-08-24T20:45:49.021089+03:30,TGJU,زر,صندوق طلای زر,,925722,,921025,4697,0.51,,
2026-08-24T17:15:49.021089+00:00,2026-08-24T20:45:49.021089+03:30,TGJU,زرفام,صندوق طلای زرفام,,159950,,158728,1222,0.77,,
2026-08-24T17:15:49.021089+00:00,2026-08-24T20:45:49.021089+03:30,TGJU,زرگر,صندوق طلای زرگر,,22255,,21930,325,1.48,,
2026-08-24T17:15:49.021089+00:00,2026-08-24T20:45:49.021089+03:30,TGJU,زروان,صندوق طلای زروان,,44268,,43661,607,1.39,,
2026-08-24T17:15:49.021089+00:00,2026-08-24T20:45:49.021089+03:30,TGJU,زمرد,صندوق طلای زمرد,,30010,,29837,173,0.58,,
2026-08-24T17:15:49.021089+00:00,2026-08-24T20:45:49.021089+03:30,TGJU,عیار,صندوق طلای عیار,,607488,,606820,668,0.11,,
2026-08-24T17:15:49.021089+00:00,2026-08-24T20:45:49.021089+03:30,TGJU,قیراط,صندوق طلای قیراط,,38958,,38507,451,1.17,,
2026-08-24T17:15:49.021089+00:00,2026-08-24T20:45:49.021089+03:30,TGJU,کهربا,صندوق طلای کهربا,,208602,,207502,1100,0.53,,
2026-08-24T17:15:49.021089+00:00,2026-08-24T20:45:49.021089+03:30,TGJU,گلدا,صندوق طلای گلدا,,19458,,19373,85,0.44,,
2026-08-24T17:15:49.021089+00:00,2026-08-24T20:45:49.021089+03:30,TGJU,گلدیس,صندوق طلای گلدیس,,42306,,41991,315,0.75,,
2026-08-24T17:15:49.021089+00:00,2026-08-24T20:45:49.021089+03:30,TGJU,گنج,صندوق طلای گنج,,187782,,186792,990,0.53,,
2026-08-24T17:15:49.021089+00:00,2026-08-24T20:45:49.021089+03:30,TGJU,گوهر,صندوق طلای گوهر,,1039070,,1034003,5067,0.49,,
2026-08-24T17:15:49.021089+00:00,2026-08-24T20:45:49.021089+03:30,TGJU,لوتوس,صندوق طلای لوتوس,,1543889,,1535444,8445,0.55,,
2026-08-24T17:15:49.021089+00:00,2026-08-24T20:45:49.021089+03:30,TGJU,لیان,صندوق طلای لیان,,39898,,39605,293,0.74,,
2026-08-24T17:15:49.021089+00:00,2026-08-24T20:45:49.021089+03:30,TGJU,مثقال,صندوق طلای مثقال,,175601,,174207,1394,0.8,,
2026-08-24T17:15:49.021089+00:00,2026-08-24T20:45:49.021089+03:30,TGJU,ناب,صندوق طلای ناب,,73960,,73271,689,0.94,,
2026-08-24T17:15:49.021089+00:00,2026-08-24T20:45:49.021089+03:30,TGJU,نفیس,صندوق طلای نفیس,,126150,,125560,590,0.47,,
2026-08-24T17:15:49.021089+00:00,2026-08-24T20:45:49.021089+03:30,TGJU,نگین فارس,صندوق طلای نگین فارس,,16601,,16502,99,0.6,,
2026-08-24T17:15:49.021089+00:00,2026-08-24T20:45:49.021089+03:30,TGJU,همیان,صندوق طلای همیان,,19047,,18950,97,0.51,,
2026-08-24T17:15:49.021089+00:00,2026-08-24T20:45:49.021089+03:30,TGJU,میراث,صندوق طلای میراث,,12999,,12915,84,0.65,,
2026-08-24T17:15:49.021089+00:00,2026-08-24T20:45:49.021089+03:30,TGJU,نهال,صندوق طلای نهال,,70371,,68971,1400,2.03,,
2026-08-24T17:15:49.021089+00:00,2026-08-24T20:45:49.021089+03:30,TGJU,سافرون,صندوق طلای سافرون,,70920,,70722,198,0.28,,
2026-08-25T09:20:32.199314+00:00,2026-08-25T12:50:32.199314+03:30,TGJU,آتش,صندوق طلای آتش,,38995,,38705,290,0.75,,
2026-08-25T09:20:32.199314+00:00,2026-08-25T12:50:32.199314+03:30,TGJU,آلتون,صندوق طلای آلتون,,69270,,69194,76,0.11,,
2026-08-25T09:20:32.199314+00:00,2026-08-25T12:50:32.199314+03:30,TGJU,امرالد,صندوق طلای امرالد,,29411,,29230,181,0.62,,
2026-08-25T09:20:32.199314+00:00,2026-08-25T12:50:32.199314+03:30,TGJU,تابش,صندوق طلای تابش,,88231,,87652,579,0.66,,
2026-08-25T09:20:32.199314+00:00,2026-08-25T12:50:32.199314+03:30,TGJU,جام طلا,صندوق طلای جام طلا,,19830,,19708,122,0.62,,
2026-08-25T09:20:32.199314+00:00,2026-08-25T12:50:32.199314+03:30,TGJU,جواهر,صندوق طلای جواهر,,81740,,81051,689,0.85,,
2026-08-25T09:20:32.199314+00:00,2026-08-25T12:50:32.199314+03:30,TGJU,درخشان,صندوق طلای درخشان,,39450,,39301,149,0.38,,
2026-08-25T09:20:32.199314+00:00,2026-08-25T12:50:32.199314+03:30,TGJU,درنا,صندوق طلای درنا,,25098,,24909,189,0.76,,
2026-08-25T09:20:32.199314+00:00,2026-08-25T12:50:32.199314+03:30,TGJU,رز ترنج,صندوق طلای رز ترنج,,27275,,27210,65,0.24,,
2026-08-25T09:20:32.199314+00:00,2026-08-25T12:50:32.199314+03:30,TGJU,رزگلد,صندوق طلای رزگلد,,20208,,20176,32,0.16,,
2026-08-25T09:20:32.199314+00:00,2026-08-25T12:50:32.199314+03:30,TGJU,ریتون,صندوق طلای ریتون,,20802,,20719,83,0.4,,
2026-08-25T09:20:32.199314+00:00,2026-08-25T12:50:32.199314+03:30,TGJU,زر,صندوق طلای زر,,932009,,925714,6295,0.68,,
2026-08-25T09:20:32.199314+00:00,2026-08-25T12:50:32.199314+03:30,TGJU,زرفام,صندوق طلای زرفام,,161000,,159944,1056,0.66,,
2026-08-25T09:20:32.199314+00:00,2026-08-25T12:50:32.199314+03:30,TGJU,زرگر,صندوق طلای زرگر,,22189,,22123,66,0.3,,
2026-08-25T09:20:32.199314+00:00,2026-08-25T12:50:32.199314+03:30,TGJU,زروان,صندوق طلای زروان,,44290,,44268,22,0.05,,
2026-08-25T09:20:32.199314+00:00,2026-08-25T12:50:32.199314+03:30,TGJU,زمرد,صندوق طلای زمرد,,30081,,30009,72,0.24,,
2026-08-25T09:20:32.199314+00:00,2026-08-25T12:50:32.199314+03:30,TGJU,عیار,صندوق طلای عیار,,608900,,607503,1397,0.23,,
2026-08-25T09:20:32.199314+00:00,2026-08-25T12:50:32.199314+03:30,TGJU,قیراط,صندوق طلای قیراط,,39228,,38959,269,0.69,,
2026-08-25T09:20:32.199314+00:00,2026-08-25T12:50:32.199314+03:30,TGJU,کهربا,صندوق طلای کهربا,,208888,,208596,292,0.14,,
2026-08-25T09:20:32.199314+00:00,2026-08-25T12:50:32.199314+03:30,TGJU,گلدا,صندوق طلای گلدا,,19565,,19458,107,0.55,,
2026-08-25T09:20:32.199314+00:00,2026-08-25T12:50:32.199314+03:30,TGJU,گلدیس,صندوق طلای گلدیس,,42811,,42308,503,1.19,,
2026-08-25T09:20:32.199314+00:00,2026-08-25T12:50:32.199314+03:30,TGJU,گنج,صندوق طلای گنج,,188499,,187785,714,0.38,,
2026-08-25T09:20:32.199314+00:00,2026-08-25T12:50:32.199314+03:30,TGJU,گوهر,صندوق طلای گوهر,,1047210,,1039105,8105,0.78,,
2026-08-25T09:20:32.199314+00:00,2026-08-25T12:50:32.199314+03:30,TGJU,لوتوس,صندوق طلای لوتوس,,1546595,,1543816,2779,0.18,,
2026-08-25T09:20:32.199314+00:00,2026-08-25T12:50:32.199314+03:30,TGJU,لیان,صندوق طلای لیان,,40478,,39899,579,1.45,,
2026-08-25T09:20:32.199314+00:00,2026-08-25T12:50:32.199314+03:30,TGJU,مثقال,صندوق طلای مثقال,,176489,,175593,896,0.51,,
2026-08-25T09:20:32.199314+00:00,2026-08-25T12:50:32.199314+03:30,TGJU,ناب,صندوق طلای ناب,,74422,,73963,459,0.62,,
2026-08-25T09:20:32.199314+00:00,2026-08-25T12:50:32.199314+03:30,TGJU,نفیس,صندوق طلای نفیس,,127155,,126146,1009,0.8,,
2026-08-25T09:20:32.199314+00:00,2026-08-25T12:50:32.199314+03:30,TGJU,نگین فارس,صندوق طلای نگین فارس,,16601,,16601,0,0,,
2026-08-25T09:20:32.199314+00:00,2026-08-25T12:50:32.199314+03:30,TGJU,همیان,صندوق طلای همیان,,19284,,19048,236,1.24,,
2026-08-25T09:20:32.199314+00:00,2026-08-25T12:50:32.199314+03:30,TGJU,میراث,صندوق طلای میراث,,13009,,12999,10,0.08,,
2026-08-25T09:20:32.199314+00:00,2026-08-25T12:50:32.199314+03:30,TGJU,نهال,صندوق طلای نهال,,71348,,70370,978,1.39,,
2026-08-25T09:20:32.199314+00:00,2026-08-25T12:50:32.199314+03:30,TGJU,سافرون,صندوق طلای سافرون,,71791,,70919,872,1.23,,
2026-08-25T14:11:33.868202+00:00,2026-08-25T17:41:33.868202+03:30,TGJU,آتش,صندوق طلای آتش,,37150,,35659,1491,4.18,,
2026-08-25T14:11:33.868202+00:00,2026-08-25T17:41:33.868202+03:30,TGJU,آلتون,صندوق طلای آلتون,,66222,,63382,2840,4.48,,
2026-08-25T14:11:33.868202+00:00,2026-08-25T17:41:33.868202+03:30,TGJU,امرالد,صندوق طلای امرالد,,27972,,26770,1202,4.49,,
2026-08-25T14:11:33.868202+00:00,2026-08-25T17:41:33.868202+03:30,TGJU,تابش,صندوق طلای تابش,,84835,,82109,2726,3.32,,
2026-08-25T14:11:33.868202+00:00,2026-08-25T17:41:33.868202+03:30,TGJU,جام طلا,صندوق طلای جام طلا,,18961,,18244,717,3.93,,
2026-08-25T14:11:33.868202+00:00,2026-08-25T17:41:33.868202+03:30,TGJU,جواهر,صندوق طلای جواهر,,77450,,74009,3441,4.65,,
2026-08-25T14:11:33.868202+00:00,2026-08-25T17:41:33.868202+03:30,TGJU,درخشان,صندوق طلای درخشان,,37678,,36125,1553,4.3,,
2026-08-25T14:11:33.868202+00:00,2026-08-25T17:41:33.868202+03:30,TGJU,درنا,صندوق طلای درنا,,23817,,22774,1043,4.58,,
2026-08-25T14:11:33.868202+00:00,2026-08-25T17:41:33.868202+03:30,TGJU,رز ترنج,صندوق طلای رز ترنج,,26188,,25203,985,3.91,,
2026-08-25T14:11:33.868202+00:00,2026-08-25T17:41:33.868202+03:30,TGJU,رزگلد,صندوق طلای رزگلد,,19350,,18558,792,4.27,,
2026-08-25T14:11:33.868202+00:00,2026-08-25T17:41:33.868202+03:30,TGJU,ریتون,صندوق طلای ریتون,,19949,,19208,741,3.86,,
2026-08-25T14:11:33.868202+00:00,2026-08-25T17:41:33.868202+03:30,TGJU,زر,صندوق طلای زر,,886500,,848975,37525,4.42,,
2026-08-25T14:11:33.868202+00:00,2026-08-25T17:41:33.868202+03:30,TGJU,زرفام,صندوق طلای زرفام,,153200,,146729,6471,4.41,,
2026-08-25T14:11:33.868202+00:00,2026-08-25T17:41:33.868202+03:30,TGJU,زرگر,صندوق طلای زرگر,,21300,,20387,913,4.48,,
2026-08-25T14:11:33.868202+00:00,2026-08-25T17:41:33.868202+03:30,TGJU,زروان,صندوق طلای زروان,,42290,,40399,1891,4.68,,
2026-08-25T14:11:33.868202+00:00,2026-08-25T17:41:33.868202+03:30,TGJU,زمرد,صندوق طلای زمرد,,28800,,27639,1161,4.2,,
2026-08-25T14:11:33.868202+00:00,2026-08-25T17:41:33.868202+03:30,TGJU,عیار,صندوق طلای عیار,,579500,,552800,26700,4.83,,
2026-08-25T14:11:33.868202+00:00,2026-08-25T17:41:33.868202+03:30,TGJU,قیراط,صندوق طلای قیراط,,37411,,35924,1487,4.14,,
2026-08-25T14:11:33.868202+00:00,2026-08-25T17:41:33.868202+03:30,TGJU,کهربا,صندوق طلای کهربا,,198896,,189641,9255,4.88,,
2026-08-25T14:11:33.868202+00:00,2026-08-25T17:41:33.868202+03:30,TGJU,گلدا,صندوق طلای گلدا,,18707,,17986,721,4.01,,
2026-08-25T14:11:33.868202+00:00,2026-08-25T17:41:33.868202+03:30,TGJU,گلدیس,صندوق طلای گلدیس,,40706,,39167,1539,3.93,,
2026-08-25T14:11:33.868202+00:00,2026-08-25T17:41:33.868202+03:30,TGJU,گنج,صندوق طلای گنج,,179000,,170622,8378,4.91,,
2026-08-25T14:11:33.868202+00:00,2026-08-25T17:41:33.868202+03:30,TGJU,گوهر,صندوق طلای گوهر,,989020,,941386,47634,5.06,,
2026-08-25T14:11:33.868202+00:00,2026-08-25T17:41:33.868202+03:30,TGJU,لوتوس,صندوق طلای لوتوس,,1474556,,1408363,66193,4.7,,
2026-08-25T14:11:33.868202+00:00,2026-08-25T17:41:33.868202+03:30,TGJU,لیان,صندوق طلای لیان,,38348,,36859,1489,4.04,,
2026-08-25T14:11:33.868202+00:00,2026-08-25T17:41:33.868202+03:30,TGJU,مثقال,صندوق طلای مثقال,,167480,,159733,7747,4.85,,
2026-08-25T14:11:33.868202+00:00,2026-08-25T17:41:33.868202+03:30,TGJU,ناب,صندوق طلای ناب,,71022,,68199,2823,4.14,,
2026-08-25T14:11:33.868202+00:00,2026-08-25T17:41:33.868202+03:30,TGJU,نفیس,صندوق طلای نفیس,,120998,,116054,4944,4.26,,
2026-08-25T14:11:33.868202+00:00,2026-08-25T17:41:33.868202+03:30,TGJU,نگین فارس,صندوق طلای نگین فارس,,15980,,15382,598,3.89,,
2026-08-25T14:11:33.868202+00:00,2026-08-25T17:41:33.868202+03:30,TGJU,همیان,صندوق طلای همیان,,18330,,17640,690,3.91,,
2026-08-25T14:11:33.868202+00:00,2026-08-25T17:41:33.868202+03:30,TGJU,میراث,صندوق طلای میراث,,12332,,11699,633,5.41,,
2026-08-25T14:11:33.868202+00:00,2026-08-25T17:41:33.868202+03:30,TGJU,نهال,صندوق طلای نهال,,68290,,66269,2021,3.05,,
2026-08-25T14:11:33.868202+00:00,2026-08-25T17:41:33.868202+03:30,TGJU,سافرون,صندوق طلای سافرون,,70206,,69497,709,1.02,,
2026-08-25T17:15:53.055107+00:00,2026-08-25T20:45:53.055107+03:30,TGJU,آتش,صندوق طلای آتش,,37386,,36115,1271,3.52,,
2026-08-25T17:15:53.055107+00:00,2026-08-25T20:45:53.055107+03:30,TGJU,آلتون,صندوق طلای آلتون,,66698,,64293,2405,3.74,,
2026-08-25T17:15:53.055107+00:00,2026-08-25T20:45:53.055107+03:30,TGJU,امرالد,صندوق طلای امرالد,,28239,,27281,958,3.51,,
2026-08-25T17:15:53.055107+00:00,2026-08-25T20:45:53.055107+03:30,TGJU,تابش,صندوق طلای تابش,,84605,,81665,2940,3.6,,
2026-08-25T17:15:53.055107+00:00,2026-08-25T20:45:53.055107+03:30,TGJU,جام طلا,صندوق طلای جام طلا,,19040,,18396,644,3.5,,
2026-08-25T17:15:53.055107+00:00,2026-08-25T20:45:53.055107+03:30,TGJU,جواهر,صندوق طلای جواهر,,78133,,75323,2810,3.73,,
2026-08-25T17:15:53.055107+00:00,2026-08-25T20:45:53.055107+03:30,TGJU,درخشان,صندوق طلای درخشان,,37860,,36474,1386,3.8,,
2026-08-25T17:15:53.055107+00:00,2026-08-25T20:45:53.055107+03:30,TGJU,درنا,صندوق طلای درنا,,23993,,23110,883,3.82,,
2026-08-25T17:15:53.055107+00:00,2026-08-25T20:45:53.055107+03:30,TGJU,رز ترنج,صندوق طلای رز ترنج,,26289,,25398,891,3.51,,
2026-08-25T17:15:53.055107+00:00,2026-08-25T20:45:53.055107+03:30,TGJU,رزگلد,صندوق طلای رزگلد,,19520,,18885,635,3.36,,
2026-08-25T17:15:53.055107+00:00,2026-08-25T20:45:53.055107+03:30,TGJU,ریتون,صندوق طلای ریتون,,20200,,19694,506,2.57,,
2026-08-25T17:15:53.055107+00:00,2026-08-25T20:45:53.055107+03:30,TGJU,زر,صندوق طلای زر,,894800,,864875,29925,3.46,,
2026-08-25T17:15:53.055107+00:00,2026-08-25T20:45:53.055107+03:30,TGJU,زرفام,صندوق طلای زرفام,,154999,,150207,4792,3.19,,
2026-08-25T17:15:53.055107+00:00,2026-08-25T20:45:53.055107+03:30,TGJU,زرگر,صندوق طلای زرگر,,21498,,20767,731,3.52,,
2026-08-25T17:15:53.055107+00:00,2026-08-25T20:45:53.055107+03:30,TGJU,زروان,صندوق طلای زروان,,42943,,41656,1287,3.09,,
2026-08-25T17:15:53.055107+00:00,2026-08-25T20:45:53.055107+03:30,TGJU,زمرد,صندوق طلای زمرد,,29049,,28118,931,3.31,,
2026-08-25T17:15:53.055107+00:00,2026-08-25T20:45:53.055107+03:30,TGJU,عیار,صندوق طلای عیار,,586223,,565689,20534,3.63,,
2026-08-25T17:15:53.055107+00:00,2026-08-25T20:45:53.055107+03:30,TGJU,قیراط,صندوق طلای قیراط,,37720,,36522,1198,3.28,,
2026-08-25T17:15:53.055107+00:00,2026-08-25T20:45:53.055107+03:30,TGJU,کهربا,صندوق طلای کهربا,,201200,,194059,7141,3.68,,
2026-08-25T17:15:53.055107+00:00,2026-08-25T20:45:53.055107+03:30,TGJU,گلدا,صندوق طلای گلدا,,19100,,18749,351,1.87,,
2026-08-25T17:15:53.055107+00:00,2026-08-25T20:45:53.055107+03:30,TGJU,گلدیس,صندوق طلای گلدیس,,41078,,39885,1193,2.99,,
2026-08-25T17:15:53.055107+00:00,2026-08-25T20:45:53.055107+03:30,TGJU,گنج,صندوق طلای گنج,,181120,,174691,6429,3.68,,
2026-08-25T17:15:53.055107+00:00,2026-08-25T20:45:53.055107+03:30,TGJU,گوهر,صندوق طلای گوهر,,997000,,956630,40370,4.22,,
2026-08-25T17:15:53.055107+00:00,2026-08-25T20:45:53.055107+03:30,TGJU,لوتوس,صندوق طلای لوتوس,,1491250,,1440404,50846,3.53,,
2026-08-25T17:15:53.055107+00:00,2026-08-25T20:45:53.055107+03:30,TGJU,لیان,صندوق طلای لیان,,38800,,37732,1068,2.83,,
2026-08-25T17:15:53.055107+00:00,2026-08-25T20:45:53.055107+03:30,TGJU,مثقال,صندوق طلای مثقال,,168794,,162255,6539,4.03,,
2026-08-25T17:15:53.055107+00:00,2026-08-25T20:45:53.055107+03:30,TGJU,ناب,صندوق طلای ناب,,71450,,69027,2423,3.51,,
2026-08-25T17:15:53.055107+00:00,2026-08-25T20:45:53.055107+03:30,TGJU,نفیس,صندوق طلای نفیس,,122180,,118334,3846,3.25,,
2026-08-25T17:15:53.055107+00:00,2026-08-25T20:45:53.055107+03:30,TGJU,نگین فارس,صندوق طلای نگین فارس,,16200,,15808,392,2.48,,
2026-08-25T17:15:53.055107+00:00,2026-08-25T20:45:53.055107+03:30,TGJU,همیان,صندوق طلای همیان,,18536,,18038,498,2.76,,
2026-08-25T17:15:53.055107+00:00,2026-08-25T20:45:53.055107+03:30,TGJU,میراث,صندوق طلای میراث,,12558,,12132,426,3.51,,
2026-08-25T17:15:53.055107+00:00,2026-08-25T20:45:53.055107+03:30,TGJU,نهال,صندوق طلای نهال,,68579,,66835,1744,2.61,,
2026-08-25T17:15:53.055107+00:00,2026-08-25T20:45:53.055107+03:30,TGJU,سافرون,صندوق طلای سافرون,,70002,,69097,905,1.31,,
2026-08-26T09:26:28.234985+00:00,2026-08-26T12:56:28.234985+03:30,TGJU,آتش,صندوق طلای آتش,,37799,,37388,411,1.1,,
2026-08-26T09:26:28.234985+00:00,2026-08-26T12:56:28.234985+03:30,TGJU,آلتون,صندوق طلای آلتون,,67200,,66700,500,0.75,,
2026-08-26T09:26:28.234985+00:00,2026-08-26T12:56:28.234985+03:30,TGJU,امرالد,صندوق طلای امرالد,,28440,,28239,201,0.71,,
2026-08-26T09:26:28.234985+00:00,2026-08-26T12:56:28.234985+03:30,TGJU,تابش,صندوق طلای تابش,,84885,,84606,279,0.33,,
2026-08-26T09:26:28.234985+00:00,2026-08-26T12:56:28.234985+03:30,TGJU,جام طلا,صندوق طلای جام طلا,,19123,,19039,84,0.44,,
2026-08-26T09:26:28.234985+00:00,2026-08-26T12:56:28.234985+03:30,TGJU,جواهر,صندوق طلای جواهر,,78449,,78136,313,0.4,,
2026-08-26T09:26:28.234985+00:00,2026-08-26T12:56:28.234985+03:30,TGJU,درخشان,صندوق طلای درخشان,,38101,,37859,242,0.64,,
2026-08-26T09:26:28.234985+00:00,2026-08-26T12:56:28.234985+03:30,TGJU,درنا,صندوق طلای درنا,,24063,,23993,70,0.29,,
2026-08-26T09:26:28.234985+00:00,2026-08-26T12:56:28.234985+03:30,TGJU,رز ترنج,صندوق طلای رز ترنج,,26220,,26152,68,0.26,,
2026-08-26T09:26:28.234985+00:00,2026-08-26T12:56:28.234985+03:30,TGJU,رزگلد,صندوق طلای رزگلد,,19747,,19521,226,1.16,,
2026-08-26T09:26:28.234985+00:00,2026-08-26T12:56:28.234985+03:30,TGJU,ریتون,صندوق طلای ریتون,,20190,,20180,10,0.05,,
2026-08-26T09:26:28.234985+00:00,2026-08-26T12:56:28.234985+03:30,TGJU,زر,صندوق طلای زر,,904991,,894790,10201,1.14,,
2026-08-26T09:26:28.234985+00:00,2026-08-26T12:56:28.234985+03:30,TGJU,زرفام,صندوق طلای زرفام,,155000,,155000,0,0,,
2026-08-26T09:26:28.234985+00:00,2026-08-26T12:56:28.234985+03:30,TGJU,زرگر,صندوق طلای زرگر,,21766,,21497,269,1.25,,
2026-08-26T09:26:28.234985+00:00,2026-08-26T12:56:28.234985+03:30,TGJU,زروان,صندوق طلای زروان,,42894,,42847,47,0.11,,
2026-08-26T09:26:28.234985+00:00,2026-08-26T12:56:28.234985+03:30,TGJU,زمرد,صندوق طلای زمرد,,29189,,29050,139,0.48,,
2026-08-26T09:26:28.234985+00:00,2026-08-26T12:56:28.234985+03:30,TGJU,عیار,صندوق طلای عیار,,589400,,586234,3166,0.54,,
2026-08-26T09:26:28.234985+00:00,2026-08-26T12:56:28.234985+03:30,TGJU,قیراط,صندوق طلای قیراط,,37944,,37721,223,0.59,,
2026-08-26T09:26:28.234985+00:00,2026-08-26T12:56:28.234985+03:30,TGJU,کهربا,صندوق طلای کهربا,,202980,,201209,1771,0.88,,
2026-08-26T09:26:28.234985+00:00,2026-08-26T12:56:28.234985+03:30,TGJU,گلدا,صندوق طلای گلدا,,19099,,19097,2,0.01,,
2026-08-26T09:26:28.234985+00:00,2026-08-26T12:56:28.234985+03:30,TGJU,گلدیس,صندوق طلای گلدیس,,41440,,41079,361,0.88,,
2026-08-26T09:26:28.234985+00:00,2026-08-26T12:56:28.234985+03:30,TGJU,گنج,صندوق طلای گنج,,182249,,181126,1123,0.62,,
2026-08-26T09:26:28.234985+00:00,2026-08-26T12:56:28.234985+03:30,TGJU,گوهر,صندوق طلای گوهر,,1007600,,997031,10569,1.06,,
2026-08-26T09:26:28.234985+00:00,2026-08-26T12:56:28.234985+03:30,TGJU,لوتوس,صندوق طلای لوتوس,,1499000,,1491246,7754,0.52,,
2026-08-26T09:26:28.234985+00:00,2026-08-26T12:56:28.234985+03:30,TGJU,لیان,صندوق طلای لیان,,38828,,38801,27,0.07,,
2026-08-26T09:26:28.234985+00:00,2026-08-26T12:56:28.234985+03:30,TGJU,مثقال,صندوق طلای مثقال,,170003,,168788,1215,0.72,,
2026-08-26T09:26:28.234985+00:00,2026-08-26T12:56:28.234985+03:30,TGJU,ناب,صندوق طلای ناب,,71837,,71451,386,0.54,,
2026-08-26T09:26:28.234985+00:00,2026-08-26T12:56:28.234985+03:30,TGJU,نفیس,صندوق طلای نفیس,,122900,,122179,721,0.59,,
2026-08-26T09:26:28.234985+00:00,2026-08-26T12:56:28.234985+03:30,TGJU,نگین فارس,صندوق طلای نگین فارس,,16327,,16201,126,0.78,,
2026-08-26T09:26:28.234985+00:00,2026-08-26T12:56:28.234985+03:30,TGJU,همیان,صندوق طلای همیان,,18575,,18536,39,0.21,,
2026-08-26T09:26:28.234985+00:00,2026-08-26T12:56:28.234985+03:30,TGJU,میراث,صندوق طلای میراث,,12578,,12558,20,0.16,,
2026-08-26T09:26:28.234985+00:00,2026-08-26T12:56:28.234985+03:30,TGJU,نهال,صندوق طلای نهال,,68348,,68116,232,0.34,,
2026-08-26T09:26:28.234985+00:00,2026-08-26T12:56:28.234985+03:30,TGJU,سافرون,صندوق طلای سافرون,,70150,,70003,147,0.21,,
2026-08-26T14:09:13.196259+00:00,2026-08-26T17:39:13.196259+03:30,TGJU,آتش,صندوق طلای آتش,,38240,,37388,852,2.28,,
2026-08-26T14:09:13.196259+00:00,2026-08-26T17:39:13.196259+03:30,TGJU,آلتون,صندوق طلای آلتون,,68034,,66700,1334,2,,
2026-08-26T14:09:13.196259+00:00,2026-08-26T17:39:13.196259+03:30,TGJU,امرالد,صندوق طلای امرالد,,28895,,28240,655,2.32,,
2026-08-26T14:09:13.196259+00:00,2026-08-26T17:39:13.196259+03:30,TGJU,تابش,صندوق طلای تابش,,86355,,84604,1751,2.07,,
2026-08-26T14:09:13.196259+00:00,2026-08-26T17:39:13.196259+03:30,TGJU,جام طلا,صندوق طلای جام طلا,,19411,,19040,371,1.95,,
2026-08-26T14:09:13.196259+00:00,2026-08-26T17:39:13.196259+03:30,TGJU,جواهر,صندوق طلای جواهر,,79600,,78131,1469,1.88,,
2026-08-26T14:09:13.196259+00:00,2026-08-26T17:39:13.196259+03:30,TGJU,درخشان,صندوق طلای درخشان,,38818,,37860,958,2.53,,
2026-08-26T14:09:13.196259+00:00,2026-08-26T17:39:13.196259+03:30,TGJU,درنا,صندوق طلای درنا,,24500,,23994,506,2.11,,
2026-08-26T14:09:13.196259+00:00,2026-08-26T17:39:13.196259+03:30,TGJU,رز ترنج,صندوق طلای رز ترنج,,26620,,26289,331,1.26,,
2026-08-26T14:09:13.196259+00:00,2026-08-26T17:39:13.196259+03:30,TGJU,رزگلد,صندوق طلای رزگلد,,19920,,19520,400,2.05,,
2026-08-26T14:09:13.196259+00:00,2026-08-26T17:39:13.196259+03:30,TGJU,ریتون,صندوق طلای ریتون,,20490,,20199,291,1.44,,
2026-08-26T14:09:13.196259+00:00,2026-08-26T17:39:13.196259+03:30,TGJU,زر,صندوق طلای زر,,913898,,894838,19060,2.13,,
2026-08-26T14:09:13.196259+00:00,2026-08-26T17:39:13.196259+03:30,TGJU,زرفام,صندوق طلای زرفام,,157600,,154996,2604,1.68,,
2026-08-26T14:09:13.196259+00:00,2026-08-26T17:39:13.196259+03:30,TGJU,زرگر,صندوق طلای زرگر,,21979,,21497,482,2.24,,
2026-08-26T14:09:13.196259+00:00,2026-08-26T17:39:13.196259+03:30,TGJU,زروان,صندوق طلای زروان,,43499,,42945,554,1.29,,
2026-08-26T14:09:13.196259+00:00,2026-08-26T17:39:13.196259+03:30,TGJU,زمرد,صندوق طلای زمرد,,29573,,29050,523,1.8,,
2026-08-26T14:09:13.196259+00:00,2026-08-26T17:39:13.196259+03:30,TGJU,عیار,صندوق طلای عیار,,599600,,586234,13366,2.28,,
2026-08-26T14:09:13.196259+00:00,2026-08-26T17:39:13.196259+03:30,TGJU,قیراط,صندوق طلای قیراط,,38446,,37722,724,1.92,,
2026-08-26T14:09:13.196259+00:00,2026-08-26T17:39:13.196259+03:30,TGJU,کهربا,صندوق طلای کهربا,,205205,,201201,4004,1.99,,
2026-08-26T14:09:13.196259+00:00,2026-08-26T17:39:13.196259+03:30,TGJU,گلدا,صندوق طلای گلدا,,19252,,19099,153,0.8,,
2026-08-26T14:09:13.196259+00:00,2026-08-26T17:39:13.196259+03:30,TGJU,گلدیس,صندوق طلای گلدیس,,42070,,41080,990,2.41,,
2026-08-26T14:09:13.196259+00:00,2026-08-26T17:39:13.196259+03:30,TGJU,گنج,صندوق طلای گنج,,185140,,181119,4021,2.22,,
2026-08-26T14:09:13.196259+00:00,2026-08-26T17:39:13.196259+03:30,TGJU,گوهر,صندوق طلای گوهر,,1018520,,996985,21535,2.16,,
2026-08-26T14:09:13.196259+00:00,2026-08-26T17:39:13.196259+03:30,TGJU,لوتوس,صندوق طلای لوتوس,,1520079,,1491297,28782,1.93,,
2026-08-26T14:09:13.196259+00:00,2026-08-26T17:39:13.196259+03:30,TGJU,لیان,صندوق طلای لیان,,39546,,38801,745,1.92,,
2026-08-26T14:09:13.196259+00:00,2026-08-26T17:39:13.196259+03:30,TGJU,مثقال,صندوق طلای مثقال,,172899,,168797,4102,2.43,,
2026-08-26T14:09:13.196259+00:00,2026-08-26T17:39:13.196259+03:30,TGJU,ناب,صندوق طلای ناب,,72999,,71449,1550,2.17,,
2026-08-26T14:09:13.196259+00:00,2026-08-26T17:39:13.196259+03:30,TGJU,نفیس,صندوق طلای نفیس,,124145,,122178,1967,1.61,,
2026-08-26T14:09:13.196259+00:00,2026-08-26T17:39:13.196259+03:30,TGJU,نگین فارس,صندوق طلای نگین فارس,,16467,,16200,267,1.65,,
2026-08-26T14:09:13.196259+00:00,2026-08-26T17:39:13.196259+03:30,TGJU,همیان,صندوق طلای همیان,,18855,,18536,319,1.72,,
2026-08-26T14:09:13.196259+00:00,2026-08-26T17:39:13.196259+03:30,TGJU,میراث,صندوق طلای میراث,,12778,,12558,220,1.75,,
2026-08-26T14:09:13.196259+00:00,2026-08-26T17:39:13.196259+03:30,TGJU,نهال,صندوق طلای نهال,,69276,,68577,699,1.02,,
2026-08-26T14:09:13.196259+00:00,2026-08-26T17:39:13.196259+03:30,TGJU,سافرون,صندوق طلای سافرون,,70439,,70005,434,0.62,,
2026-08-28T01:06:03.340584+00:00,2026-08-28T04:36:03.340584+03:30,TGJU,آتش,صندوق طلای آتش,,38397,,38397,0,0,,
2026-08-28T01:06:03.340584+00:00,2026-08-28T04:36:03.340584+03:30,TGJU,آلتون,صندوق طلای آلتون,,67856,,67856,0,0,,
2026-08-28T01:06:03.340584+00:00,2026-08-28T04:36:03.340584+03:30,TGJU,امرالد,صندوق طلای امرالد,,28670,,28670,0,0,,
2026-08-28T01:06:03.340584+00:00,2026-08-28T04:36:03.340584+03:30,TGJU,تابش,صندوق طلای تابش,,86639,,86639,0,0,,
2026-08-28T01:06:03.340584+00:00,2026-08-28T04:36:03.340584+03:30,TGJU,جام طلا,صندوق طلای جام طلا,,19324,,19324,0,0,,
2026-08-28T01:06:03.340584+00:00,2026-08-28T04:36:03.340584+03:30,TGJU,جواهر,صندوق طلای جواهر,,79444,,79444,0,0,,
2026-08-28T01:06:03.340584+00:00,2026-08-28T04:36:03.340584+03:30,TGJU,درخشان,صندوق طلای درخشان,,38605,,38605,0,0,,
2026-08-28T01:06:03.340584+00:00,2026-08-28T04:36:03.340584+03:30,TGJU,درنا,صندوق طلای درنا,,24400,,24400,0,0,,
2026-08-28T01:06:03.340584+00:00,2026-08-28T04:36:03.340584+03:30,TGJU,رز ترنج,صندوق طلای رز ترنج,,26607,,26607,0,0,,
2026-08-28T01:06:03.340584+00:00,2026-08-28T04:36:03.340584+03:30,TGJU,رزگلد,صندوق طلای رزگلد,,19816,,19816,0,0,,
2026-08-28T01:06:03.340584+00:00,2026-08-28T04:36:03.340584+03:30,TGJU,ریتون,صندوق طلای ریتون,,20529,,20529,0,0,,
2026-08-28T01:06:03.340584+00:00,2026-08-28T04:36:03.340584+03:30,TGJU,زر,صندوق طلای زر,,911197,,911197,0,0,,
2026-08-28T01:06:03.340584+00:00,2026-08-28T04:36:03.340584+03:30,TGJU,زرفام,صندوق طلای زرفام,,157478,,157478,0,0,,
2026-08-28T01:06:03.340584+00:00,2026-08-28T04:36:03.340584+03:30,TGJU,زرگر,صندوق طلای زرگر,,21898,,21898,0,0,,
2026-08-28T01:06:03.340584+00:00,2026-08-28T04:36:03.340584+03:30,TGJU,زروان,صندوق طلای زروان,,43300,,43300,0,0,,
2026-08-28T01:06:03.340584+00:00,2026-08-28T04:36:03.340584+03:30,TGJU,زمرد,صندوق طلای زمرد,,29495,,29495,0,0,,
2026-08-28T01:06:03.340584+00:00,2026-08-28T04:36:03.340584+03:30,TGJU,عیار,صندوق طلای عیار,,596950,,596950,0,0,,
2026-08-28T01:06:03.340584+00:00,2026-08-28T04:36:03.340584+03:30,TGJU,قیراط,صندوق طلای قیراط,,38203,,38203,0,0,,
2026-08-28T01:06:03.340584+00:00,2026-08-28T04:36:03.340584+03:30,TGJU,کهربا,صندوق طلای کهربا,,205007,,205007,0,0,,
2026-08-28T01:06:03.340584+00:00,2026-08-28T04:36:03.340584+03:30,TGJU,گلدا,صندوق طلای گلدا,,19176,,19176,0,0,,
2026-08-28T01:06:03.340584+00:00,2026-08-28T04:36:03.340584+03:30,TGJU,گلدیس,صندوق طلای گلدیس,,41850,,41850,0,0,,
2026-08-28T01:06:03.340584+00:00,2026-08-28T04:36:03.340584+03:30,TGJU,گنج,صندوق طلای گنج,,184660,,184660,0,0,,
2026-08-28T01:06:03.340584+00:00,2026-08-28T04:36:03.340584+03:30,TGJU,گوهر,صندوق طلای گوهر,,1016980,,1016980,0,0,,
2026-08-28T01:06:03.340584+00:00,2026-08-28T04:36:03.340584+03:30,TGJU,لوتوس,صندوق طلای لوتوس,,1514336,,1514336,0,0,,
2026-08-28T01:06:03.340584+00:00,2026-08-28T04:36:03.340584+03:30,TGJU,لیان,صندوق طلای لیان,,39500,,39500,0,0,,
2026-08-28T01:06:03.340584+00:00,2026-08-28T04:36:03.340584+03:30,TGJU,مثقال,صندوق طلای مثقال,,172043,,172043,0,0,,
2026-08-28T01:06:03.340584+00:00,2026-08-28T04:36:03.340584+03:30,TGJU,ناب,صندوق طلای ناب,,72611,,72611,0,0,,
2026-08-28T01:06:03.340584+00:00,2026-08-28T04:36:03.340584+03:30,TGJU,نفیس,صندوق طلای نفیس,,124270,,124270,0,0,,
2026-08-28T01:06:03.340584+00:00,2026-08-28T04:36:03.340584+03:30,TGJU,نگین فارس,صندوق طلای نگین فارس,,16300,,16300,0,0,,
2026-08-28T01:06:03.340584+00:00,2026-08-28T04:36:03.340584+03:30,TGJU,همیان,صندوق طلای همیان,,18803,,18803,0,0,,
2026-08-28T01:06:03.340584+00:00,2026-08-28T04:36:03.340584+03:30,TGJU,میراث,صندوق طلای میراث,,12766,,12766,0,0,,
2026-08-28T01:06:03.340584+00:00,2026-08-28T04:36:03.340584+03:30,TGJU,نهال,صندوق طلای نهال,,68714,,68714,0,0,,
2026-08-28T01:06:03.340584+00:00,2026-08-28T04:36:03.340584+03:30,TGJU,سافرون,صندوق طلای سافرون,,70018,,70018,0,0,,
2026-08-28T21:47:55.968236+00:00,2026-08-29T01:17:55.968236+03:30,TGJU,آتش,صندوق طلای آتش,,38397,,38397,0,0,,
2026-08-28T21:47:55.968236+00:00,2026-08-29T01:17:55.968236+03:30,TGJU,آلتون,صندوق طلای آلتون,,67856,,67856,0,0,,
2026-08-28T21:47:55.968236+00:00,2026-08-29T01:17:55.968236+03:30,TGJU,امرالد,صندوق طلای امرالد,,28670,,28670,0,0,,
2026-08-28T21:47:55.968236+00:00,2026-08-29T01:17:55.968236+03:30,TGJU,تابش,صندوق طلای تابش,,86639,,86639,0,0,,
2026-08-28T21:47:55.968236+00:00,2026-08-29T01:17:55.968236+03:30,TGJU,جام طلا,صندوق طلای جام طلا,,19324,,19324,0,0,,
2026-08-28T21:47:55.968236+00:00,2026-08-29T01:17:55.968236+03:30,TGJU,جواهر,صندوق طلای جواهر,,79444,,79444,0,0,,
2026-08-28T21:47:55.968236+00:00,2026-08-29T01:17:55.968236+03:30,TGJU,درخشان,صندوق طلای درخشان,,38605,,38605,0,0,,
2026-08-28T21:47:55.968236+00:00,2026-08-29T01:17:55.968236+03:30,TGJU,درنا,صندوق طلای درنا,,24400,,24400,0,0,,
2026-08-28T21:47:55.968236+00:00,2026-08-29T01:17:55.968236+03:30,TGJU,رز ترنج,صندوق طلای رز ترنج,,26607,,26607,0,0,,
2026-08-28T21:47:55.968236+00:00,2026-08-29T01:17:55.968236+03:30,TGJU,رزگلد,صندوق طلای رزگلد,,19816,,19816,0,0,,
2026-08-28T21:47:55.968236+00:00,2026-08-29T01:17:55.968236+03:30,TGJU,ریتون,صندوق طلای ریتون,,20529,,20529,0,0,,
2026-08-28T21:47:55.968236+00:00,2026-08-29T01:17:55.968236+03:30,TGJU,زر,صندوق طلای زر,,911197,,911197,0,0,,
2026-08-28T21:47:55.968236+00:00,2026-08-29T01:17:55.968236+03:30,TGJU,زرفام,صندوق طلای زرفام,,157478,,157478,0,0,,
2026-08-28T21:47:55.968236+00:00,2026-08-29T01:17:55.968236+03:30,TGJU,زرگر,صندوق طلای زرگر,,21898,,21898,0,0,,
2026-08-28T21:47:55.968236+00:00,2026-08-29T01:17:55.968236+03:30,TGJU,زروان,صندوق طلای زروان,,43300,,43300,0,0,,
2026-08-28T21:47:55.968236+00:00,2026-08-29T01:17:55.968236+03:30,TGJU,زمرد,صندوق طلای زمرد,,29495,,29495,0,0,,
2026-08-28T21:47:55.968236+00:00,2026-08-29T01:17:55.968236+03:30,TGJU,عیار,صندوق طلای عیار,,596950,,596950,0,0,,
2026-08-28T21:47:55.968236+00:00,2026-08-29T01:17:55.968236+03:30,TGJU,قیراط,صندوق طلای قیراط,,38203,,38203,0,0,,
2026-08-28T21:47:55.968236+00:00,2026-08-29T01:17:55.968236+03:30,TGJU,کهربا,صندوق طلای کهربا,,205007,,205007,0,0,,
2026-08-28T21:47:55.968236+00:00,2026-08-29T01:17:55.968236+03:30,TGJU,گلدا,صندوق طلای گلدا,,19176,,19176,0,0,,
2026-08-28T21:47:55.968236+00:00,2026-08-29T01:17:55.968236+03:30,TGJU,گلدیس,صندوق طلای گلدیس,,41850,,41850,0,0,,
2026-08-28T21:47:55.968236+00:00,2026-08-29T01:17:55.968236+03:30,TGJU,گنج,صندوق طلای گنج,,184660,,184660,0,0,,
2026-08-28T21:47:55.968236+00:00,2026-08-29T01:17:55.968236+03:30,TGJU,گوهر,صندوق طلای گوهر,,1016980,,1016980,0,0,,
2026-08-28T21:47:55.968236+00:00,2026-08-29T01:17:55.968236+03:30,TGJU,لوتوس,صندوق طلای لوتوس,,1514336,,1514336,0,0,,
2026-08-28T21:47:55.968236+00:00,2026-08-29T01:17:55.968236+03:30,TGJU,لیان,صندوق طلای لیان,,39500,,39500,0,0,,
2026-08-28T21:47:55.968236+00:00,2026-08-29T01:17:55.968236+03:30,TGJU,مثقال,صندوق طلای مثقال,,172043,,172043,0,0,,
2026-08-28T21:47:55.968236+00:00,2026-08-29T01:17:55.968236+03:30,TGJU,ناب,صندوق طلای ناب,,72611,,72611,0,0,,
2026-08-28T21:47:55.968236+00:00,2026-08-29T01:17:55.968236+03:30,TGJU,نفیس,صندوق طلای نفیس,,124270,,124270,0,0,,
2026-08-28T21:47:55.968236+00:00,2026-08-29T01:17:55.968236+03:30,TGJU,نگین فارس,صندوق طلای نگین فارس,,16300,,16300,0,0,,
2026-08-28T21:47:55.968236+00:00,2026-08-29T01:17:55.968236+03:30,TGJU,همیان,صندوق طلای همیان,,18803,,18803,0,0,,
2026-08-28T21:47:55.968236+00:00,2026-08-29T01:17:55.968236+03:30,TGJU,میراث,صندوق طلای میراث,,12766,,12766,0,0,,
2026-08-28T21:47:55.968236+00:00,2026-08-29T01:17:55.968236+03:30,TGJU,نهال,صندوق طلای نهال,,68714,,68714,0,0,,
2026-08-28T21:47:55.968236+00:00,2026-08-29T01:17:55.968236+03:30,TGJU,سافرون,صندوق طلای سافرون,,70018,,70018,0,0,,
2026-08-28T21:58:31.688270+00:00,2026-08-29T01:28:31.688270+03:30,TGJU,آتش,صندوق طلای آتش,,38397,,38397,0,0,,
2026-08-28T21:58:31.688270+00:00,2026-08-29T01:28:31.688270+03:30,TGJU,آلتون,صندوق طلای آلتون,,67856,,67856,0,0,,
2026-08-28T21:58:31.688270+00:00,2026-08-29T01:28:31.688270+03:30,TGJU,امرالد,صندوق طلای امرالد,,28670,,28670,0,0,,
2026-08-28T21:58:31.688270+00:00,2026-08-29T01:28:31.688270+03:30,TGJU,تابش,صندوق طلای تابش,,86639,,86639,0,0,,
2026-08-28T21:58:31.688270+00:00,2026-08-29T01:28:31.688270+03:30,TGJU,جام طلا,صندوق طلای جام طلا,,19324,,19324,0,0,,
2026-08-28T21:58:31.688270+00:00,2026-08-29T01:28:31.688270+03:30,TGJU,جواهر,صندوق طلای جواهر,,79444,,79444,0,0,,
2026-08-28T21:58:31.688270+00:00,2026-08-29T01:28:31.688270+03:30,TGJU,درخشان,صندوق طلای درخشان,,38605,,38605,0,0,,
2026-08-28T21:58:31.688270+00:00,2026-08-29T01:28:31.688270+03:30,TGJU,درنا,صندوق طلای درنا,,24400,,24400,0,0,,
2026-08-28T21:58:31.688270+00:00,2026-08-29T01:28:31.688270+03:30,TGJU,رز ترنج,صندوق طلای رز ترنج,,26607,,26607,0,0,,
2026-08-28T21:58:31.688270+00:00,2026-08-29T01:28:31.688270+03:30,TGJU,رزگلد,صندوق طلای رزگلد,,19816,,19816,0,0,,
2026-08-28T21:58:31.688270+00:00,2026-08-29T01:28:31.688270+03:30,TGJU,ریتون,صندوق طلای ریتون,,20529,,20529,0,0,,
2026-08-28T21:58:31.688270+00:00,2026-08-29T01:28:31.688270+03:30,TGJU,زر,صندوق طلای زر,,911197,,911197,0,0,,
2026-08-28T21:58:31.688270+00:00,2026-08-29T01:28:31.688270+03:30,TGJU,زرفام,صندوق طلای زرفام,,157478,,157478,0,0,,
2026-08-28T21:58:31.688270+00:00,2026-08-29T01:28:31.688270+03:30,TGJU,زرگر,صندوق طلای زرگر,,21898,,21898,0,0,,
2026-08-28T21:58:31.688270+00:00,2026-08-29T01:28:31.688270+03:30,TGJU,زروان,صندوق طلای زروان,,43300,,43300,0,0,,
2026-08-28T21:58:31.688270+00:00,2026-08-29T01:28:31.688270+03:30,TGJU,زمرد,صندوق طلای زمرد,,29495,,29495,0,0,,
2026-08-28T21:58:31.688270+00:00,2026-08-29T01:28:31.688270+03:30,TGJU,عیار,صندوق طلای عیار,,596950,,596950,0,0,,
2026-08-28T21:58:31.688270+00:00,2026-08-29T01:28:31.688270+03:30,TGJU,قیراط,صندوق طلای قیراط,,38203,,38203,0,0,,
2026-08-28T21:58:31.688270+00:00,2026-08-29T01:28:31.688270+03:30,TGJU,کهربا,صندوق طلای کهربا,,205007,,205007,0,0,,
2026-08-28T21:58:31.688270+00:00,2026-08-29T01:28:31.688270+03:30,TGJU,گلدا,صندوق طلای گلدا,,19176,,19176,0,0,,
2026-08-28T21:58:31.688270+00:00,2026-08-29T01:28:31.688270+03:30,TGJU,گلدیس,صندوق طلای گلدیس,,41850,,41850,0,0,,
2026-08-28T21:58:31.688270+00:00,2026-08-29T01:28:31.688270+03:30,TGJU,گنج,صندوق طلای گنج,,184660,,184660,0,0,,
2026-08-28T21:58:31.688270+00:00,2026-08-29T01:28:31.688270+03:30,TGJU,گوهر,صندوق طلای گوهر,,1016980,,1016980,0,0,,
2026-08-28T21:58:31.688270+00:00,2026-08-29T01:28:31.688270+03:30,TGJU,لوتوس,صندوق طلای لوتوس,,1514336,,1514336,0,0,,
2026-08-28T21:58:31.688270+00:00,2026-08-29T01:28:31.688270+03:30,TGJU,لیان,صندوق طلای لیان,,39500,,39500,0,0,,
2026-08-28T21:58:31.688270+00:00,2026-08-29T01:28:31.688270+03:30,TGJU,مثقال,صندوق طلای مثقال,,172043,,172043,0,0,,
2026-08-28T21:58:31.688270+00:00,2026-08-29T01:28:31.688270+03:30,TGJU,ناب,صندوق طلای ناب,,72611,,72611,0,0,,
2026-08-28T21:58:31.688270+00:00,2026-08-29T01:28:31.688270+03:30,TGJU,نفیس,صندوق طلای نفیس,,124270,,124270,0,0,,
2026-08-28T21:58:31.688270+00:00,2026-08-29T01:28:31.688270+03:30,TGJU,نگین فارس,صندوق طلای نگین فارس,,16300,,16300,0,0,,
2026-08-28T21:58:31.688270+00:00,2026-08-29T01:28:31.688270+03:30,TGJU,همیان,صندوق طلای همیان,,18803,,18803,0,0,,
2026-08-28T21:58:31.688270+00:00,2026-08-29T01:28:31.688270+03:30,TGJU,میراث,صندوق طلای میراث,,12766,,12766,0,0,,
2026-08-28T21:58:31.688270+00:00,2026-08-29T01:28:31.688270+03:30,TGJU,نهال,صندوق طلای نهال,,68714,,68714,0,0,,
2026-08-28T21:58:31.688270+00:00,2026-08-29T01:28:31.688270+03:30,TGJU,سافرون,صندوق طلای سافرون,,70018,,70018,0,0,,
2026-08-29T07:36:36.606803+00:00,2026-08-29T11:06:36.606803+03:30,TGJU,آتش,صندوق طلای آتش,,38397,,38397,0,0,,
2026-08-29T07:36:36.606803+00:00,2026-08-29T11:06:36.606803+03:30,TGJU,آلتون,صندوق طلای آلتون,,67856,,67856,0,0,,
2026-08-29T07:36:36.606803+00:00,2026-08-29T11:06:36.606803+03:30,TGJU,امرالد,صندوق طلای امرالد,,28670,,28670,0,0,,
2026-08-29T07:36:36.606803+00:00,2026-08-29T11:06:36.606803+03:30,TGJU,تابش,صندوق طلای تابش,,86639,,86639,0,0,,
2026-08-29T07:36:36.606803+00:00,2026-08-29T11:06:36.606803+03:30,TGJU,جام طلا,صندوق طلای جام طلا,,19324,,19324,0,0,,
2026-08-29T07:36:36.606803+00:00,2026-08-29T11:06:36.606803+03:30,TGJU,جواهر,صندوق طلای جواهر,,79444,,79444,0,0,,
2026-08-29T07:36:36.606803+00:00,2026-08-29T11:06:36.606803+03:30,TGJU,درخشان,صندوق طلای درخشان,,38605,,38605,0,0,,
2026-08-29T07:36:36.606803+00:00,2026-08-29T11:06:36.606803+03:30,TGJU,درنا,صندوق طلای درنا,,24400,,24400,0,0,,
2026-08-29T07:36:36.606803+00:00,2026-08-29T11:06:36.606803+03:30,TGJU,رز ترنج,صندوق طلای رز ترنج,,26607,,26607,0,0,,
2026-08-29T07:36:36.606803+00:00,2026-08-29T11:06:36.606803+03:30,TGJU,رزگلد,صندوق طلای رزگلد,,19816,,19816,0,0,,
2026-08-29T07:36:36.606803+00:00,2026-08-29T11:06:36.606803+03:30,TGJU,ریتون,صندوق طلای ریتون,,20529,,20529,0,0,,
2026-08-29T07:36:36.606803+00:00,2026-08-29T11:06:36.606803+03:30,TGJU,زر,صندوق طلای زر,,911197,,911197,0,0,,
2026-08-29T07:36:36.606803+00:00,2026-08-29T11:06:36.606803+03:30,TGJU,زرفام,صندوق طلای زرفام,,157478,,157478,0,0,,
2026-08-29T07:36:36.606803+00:00,2026-08-29T11:06:36.606803+03:30,TGJU,زرگر,صندوق طلای زرگر,,21898,,21898,0,0,,
2026-08-29T07:36:36.606803+00:00,2026-08-29T11:06:36.606803+03:30,TGJU,زروان,صندوق طلای زروان,,43300,,43300,0,0,,
2026-08-29T07:36:36.606803+00:00,2026-08-29T11:06:36.606803+03:30,TGJU,زمرد,صندوق طلای زمرد,,29495,,29495,0,0,,
2026-08-29T07:36:36.606803+00:00,2026-08-29T11:06:36.606803+03:30,TGJU,عیار,صندوق طلای عیار,,596950,,596950,0,0,,
2026-08-29T07:36:36.606803+00:00,2026-08-29T11:06:36.606803+03:30,TGJU,قیراط,صندوق طلای قیراط,,38203,,38203,0,0,,
2026-08-29T07:36:36.606803+00:00,2026-08-29T11:06:36.606803+03:30,TGJU,کهربا,صندوق طلای کهربا,,205007,,205007,0,0,,
2026-08-29T07:36:36.606803+00:00,2026-08-29T11:06:36.606803+03:30,TGJU,گلدا,صندوق طلای گلدا,,19176,,19176,0,0,,
2026-08-29T07:36:36.606803+00:00,2026-08-29T11:06:36.606803+03:30,TGJU,گلدیس,صندوق طلای گلدیس,,41850,,41850,0,0,,
2026-08-29T07:36:36.606803+00:00,2026-08-29T11:06:36.606803+03:30,TGJU,گنج,صندوق طلای گنج,,184660,,184660,0,0,,
2026-08-29T07:36:36.606803+00:00,2026-08-29T11:06:36.606803+03:30,TGJU,گوهر,صندوق طلای گوهر,,1016980,,1016980,0,0,,
2026-08-29T07:36:36.606803+00:00,2026-08-29T11:06:36.606803+03:30,TGJU,لوتوس,صندوق طلای لوتوس,,1514336,,1514336,0,0,,
2026-08-29T07:36:36.606803+00:00,2026-08-29T11:06:36.606803+03:30,TGJU,لیان,صندوق طلای لیان,,39500,,39500,0,0,,
2026-08-29T07:36:36.606803+00:00,2026-08-29T11:06:36.606803+03:30,TGJU,مثقال,صندوق طلای مثقال,,172043,,172043,0,0,,
2026-08-29T07:36:36.606803+00:00,2026-08-29T11:06:36.606803+03:30,TGJU,ناب,صندوق طلای ناب,,72611,,72611,0,0,,
2026-08-29T07:36:36.606803+00:00,2026-08-29T11:06:36.606803+03:30,TGJU,نفیس,صندوق طلای نفیس,,124270,,124270,0,0,,
2026-08-29T07:36:36.606803+00:00,2026-08-29T11:06:36.606803+03:30,TGJU,نگین فارس,صندوق طلای نگین فارس,,16300,,16300,0,0,,
2026-08-29T07:36:36.606803+00:00,2026-08-29T11:06:36.606803+03:30,TGJU,همیان,صندوق طلای همیان,,18803,,18803,0,0,,
2026-08-29T07:36:36.606803+00:00,2026-08-29T11:06:36.606803+03:30,TGJU,میراث,صندوق طلای میراث,,12766,,12766,0,0,,
2026-08-29T07:36:36.606803+00:00,2026-08-29T11:06:36.606803+03:30,TGJU,نهال,صندوق طلای نهال,,68714,,68714,0,0,,
2026-08-29T07:36:36.606803+00:00,2026-08-29T11:06:36.606803+03:30,TGJU,سافرون,صندوق طلای سافرون,,70018,,70018,0,0,,
2026-08-29T11:37:18.720260+00:00,2026-08-29T15:07:18.720260+03:30,TGJU,آتش,صندوق طلای آتش,,38908,,38397,511,1.33,,
2026-08-29T11:37:18.720260+00:00,2026-08-29T15:07:18.720260+03:30,TGJU,آلتون,صندوق طلای آلتون,,69227,,67856,1371,2.02,,
2026-08-29T11:37:18.720260+00:00,2026-08-29T15:07:18.720260+03:30,TGJU,امرالد,صندوق طلای امرالد,,29284,,28670,614,2.14,,
2026-08-29T11:37:18.720260+00:00,2026-08-29T15:07:18.720260+03:30,TGJU,تابش,صندوق طلای تابش,,87790,,86638,1152,1.33,,
2026-08-29T11:37:18.720260+00:00,2026-08-29T15:07:18.720260+03:30,TGJU,جام طلا,صندوق طلای جام طلا,,19667,,19325,342,1.77,,
2026-08-29T11:37:18.720260+00:00,2026-08-29T15:07:18.720260+03:30,TGJU,جواهر,صندوق طلای جواهر,,81388,,79442,1946,2.45,,
2026-08-29T11:37:18.720260+00:00,2026-08-29T15:07:18.720260+03:30,TGJU,درخشان,صندوق طلای درخشان,,39500,,38604,896,2.32,,
2026-08-29T11:37:18.720260+00:00,2026-08-29T15:07:18.720260+03:30,TGJU,درنا,صندوق طلای درنا,,24811,,24401,410,1.68,,
2026-08-29T11:37:18.720260+00:00,2026-08-29T15:07:18.720260+03:30,TGJU,رز ترنج,صندوق طلای رز ترنج,,26982,,26607,375,1.41,,
2026-08-29T11:37:18.720260+00:00,2026-08-29T15:07:18.720260+03:30,TGJU,رزگلد,صندوق طلای رزگلد,,20170,,19815,355,1.79,,
2026-08-29T11:37:18.720260+00:00,2026-08-29T15:07:18.720260+03:30,TGJU,ریتون,صندوق طلای ریتون,,20902,,20528,374,1.82,,
2026-08-29T11:37:18.720260+00:00,2026-08-29T15:07:18.720260+03:30,TGJU,زر,صندوق طلای زر,,929111,,911161,17950,1.97,,
2026-08-29T11:37:18.720260+00:00,2026-08-29T15:07:18.720260+03:30,TGJU,زرفام,صندوق طلای زرفام,,160019,,157484,2535,1.61,,
2026-08-29T11:37:18.720260+00:00,2026-08-29T15:07:18.720260+03:30,TGJU,زرگر,صندوق طلای زرگر,,22251,,21898,353,1.61,,
2026-08-29T11:37:18.720260+00:00,2026-08-29T15:07:18.720260+03:30,TGJU,زروان,صندوق طلای زروان,,44209,,43300,909,2.1,,
2026-08-29T11:37:18.720260+00:00,2026-08-29T15:07:18.720260+03:30,TGJU,زمرد,صندوق طلای زمرد,,30119,,29494,625,2.12,,
2026-08-29T11:37:18.720260+00:00,2026-08-29T15:07:18.720260+03:30,TGJU,عیار,صندوق طلای عیار,,609342,,596926,12416,2.08,,
2026-08-29T11:37:18.720260+00:00,2026-08-29T15:07:18.720260+03:30,TGJU,قیراط,صندوق طلای قیراط,,38990,,38203,787,2.06,,
2026-08-29T11:37:18.720260+00:00,2026-08-29T15:07:18.720260+03:30,TGJU,کهربا,صندوق طلای کهربا,,209600,,205008,4592,2.24,,
2026-08-29T11:37:18.720260+00:00,2026-08-29T15:07:18.720260+03:30,TGJU,گلدا,صندوق طلای گلدا,,19640,,19176,464,2.42,,
2026-08-29T11:37:18.720260+00:00,2026-08-29T15:07:18.720260+03:30,TGJU,گلدیس,صندوق طلای گلدیس,,42503,,41850,653,1.56,,
2026-08-29T11:37:18.720260+00:00,2026-08-29T15:07:18.720260+03:30,TGJU,گنج,صندوق طلای گنج,,187838,,184662,3176,1.72,,
2026-08-29T11:37:18.720260+00:00,2026-08-29T15:07:18.720260+03:30,TGJU,گوهر,صندوق طلای گوهر,,1039430,,1016955,22475,2.21,,
2026-08-29T11:37:18.720260+00:00,2026-08-29T15:07:18.720260+03:30,TGJU,لوتوس,صندوق طلای لوتوس,,1550197,,1514308,35889,2.37,,
2026-08-29T11:37:18.720260+00:00,2026-08-29T15:07:18.720260+03:30,TGJU,لیان,صندوق طلای لیان,,40115,,39499,616,1.56,,
2026-08-29T11:37:18.720260+00:00,2026-08-29T15:07:18.720260+03:30,TGJU,مثقال,صندوق طلای مثقال,,175891,,172037,3854,2.24,,
2026-08-29T11:37:18.720260+00:00,2026-08-29T15:07:18.720260+03:30,TGJU,ناب,صندوق طلای ناب,,74089,,72608,1481,2.04,,
2026-08-29T11:37:18.720260+00:00,2026-08-29T15:07:18.720260+03:30,TGJU,نفیس,صندوق طلای نفیس,,126863,,124266,2597,2.09,,
2026-08-29T11:37:18.720260+00:00,2026-08-29T15:07:18.720260+03:30,TGJU,نگین فارس,صندوق طلای نگین فارس,,16629,,16300,329,2.02,,
2026-08-29T11:37:18.720260+00:00,2026-08-29T15:07:18.720260+03:30,TGJU,همیان,صندوق طلای همیان,,19168,,18803,365,1.94,,
2026-08-29T11:37:18.720260+00:00,2026-08-29T15:07:18.720260+03:30,TGJU,میراث,صندوق طلای میراث,,12988,,12766,222,1.74,,
2026-08-29T11:37:18.720260+00:00,2026-08-29T15:07:18.720260+03:30,TGJU,نهال,صندوق طلای نهال,,70804,,68715,2089,3.04,,
2026-08-29T11:37:18.720260+00:00,2026-08-29T15:07:18.720260+03:30,TGJU,سافرون,صندوق طلای سافرون,,72213,,70021,2192,3.13,,
2026-08-29T15:36:34.847331+00:00,2026-08-29T19:06:34.847331+03:30,TGJU,آتش,صندوق طلای آتش,,39063,,38399,664,1.73,,
2026-08-29T15:36:34.847331+00:00,2026-08-29T19:06:34.847331+03:30,TGJU,آلتون,صندوق طلای آلتون,,69455,,67854,1601,2.36,,
2026-08-29T15:36:34.847331+00:00,2026-08-29T19:06:34.847331+03:30,TGJU,امرالد,صندوق طلای امرالد,,29343,,28669,674,2.35,,
2026-08-29T15:36:34.847331+00:00,2026-08-29T19:06:34.847331+03:30,TGJU,تابش,صندوق طلای تابش,,88000,,86640,1360,1.57,,
2026-08-29T15:36:34.847331+00:00,2026-08-29T19:06:34.847331+03:30,TGJU,جام طلا,صندوق طلای جام طلا,,19700,,19323,377,1.95,,
2026-08-29T15:36:34.847331+00:00,2026-08-29T19:06:34.847331+03:30,TGJU,جواهر,صندوق طلای جواهر,,81659,,79443,2216,2.79,,
2026-08-29T15:36:34.847331+00:00,2026-08-29T19:06:34.847331+03:30,TGJU,درخشان,صندوق طلای درخشان,,39697,,38604,1093,2.83,,
2026-08-29T15:36:34.847331+00:00,2026-08-29T19:06:34.847331+03:30,TGJU,درنا,صندوق طلای درنا,,24898,,24400,498,2.04,,
2026-08-29T15:36:34.847331+00:00,2026-08-29T19:06:34.847331+03:30,TGJU,رز ترنج,صندوق طلای رز ترنج,,27157,,26606,551,2.07,,
2026-08-29T15:36:34.847331+00:00,2026-08-29T19:06:34.847331+03:30,TGJU,رزگلد,صندوق طلای رزگلد,,20199,,19817,382,1.93,,
2026-08-29T15:36:34.847331+00:00,2026-08-29T19:06:34.847331+03:30,TGJU,ریتون,صندوق طلای ریتون,,20918,,20530,388,1.89,,
2026-08-29T15:36:34.847331+00:00,2026-08-29T19:06:34.847331+03:30,TGJU,زر,صندوق طلای زر,,932236,,911188,21048,2.31,,
2026-08-29T15:36:34.847331+00:00,2026-08-29T19:06:34.847331+03:30,TGJU,زرفام,صندوق طلای زرفام,,160500,,157476,3024,1.92,,
2026-08-29T15:36:34.847331+00:00,2026-08-29T19:06:34.847331+03:30,TGJU,زرگر,صندوق طلای زرگر,,22290,,21898,392,1.79,,
2026-08-29T15:36:34.847331+00:00,2026-08-29T19:06:34.847331+03:30,TGJU,زروان,صندوق طلای زروان,,44409,,43301,1108,2.56,,
2026-08-29T15:36:34.847331+00:00,2026-08-29T19:06:34.847331+03:30,TGJU,زمرد,صندوق طلای زمرد,,30225,,29496,729,2.47,,
2026-08-29T15:36:34.847331+00:00,2026-08-29T19:06:34.847331+03:30,TGJU,عیار,صندوق طلای عیار,,612444,,596924,15520,2.6,,
2026-08-29T15:36:34.847331+00:00,2026-08-29T19:06:34.847331+03:30,TGJU,قیراط,صندوق طلای قیراط,,39066,,38203,863,2.26,,
2026-08-29T15:36:34.847331+00:00,2026-08-29T19:06:34.847331+03:30,TGJU,کهربا,صندوق طلای کهربا,,210440,,205007,5433,2.65,,
2026-08-29T15:36:34.847331+00:00,2026-08-29T19:06:34.847331+03:30,TGJU,گلدا,صندوق طلای گلدا,,19745,,19175,570,2.97,,
2026-08-29T15:36:34.847331+00:00,2026-08-29T19:06:34.847331+03:30,TGJU,گلدیس,صندوق طلای گلدیس,,42670,,41850,820,1.96,,
2026-08-29T15:36:34.847331+00:00,2026-08-29T19:06:34.847331+03:30,TGJU,گنج,صندوق طلای گنج,,188752,,184653,4099,2.22,,
2026-08-29T15:36:34.847331+00:00,2026-08-29T19:06:34.847331+03:30,TGJU,گوهر,صندوق طلای گوهر,,1041390,,1016982,24408,2.4,,
2026-08-29T15:36:34.847331+00:00,2026-08-29T19:06:34.847331+03:30,TGJU,لوتوس,صندوق طلای لوتوس,,1556199,,1514402,41797,2.76,,
2026-08-29T15:36:34.847331+00:00,2026-08-29T19:06:34.847331+03:30,TGJU,لیان,صندوق طلای لیان,,40261,,39499,762,1.93,,
2026-08-29T15:36:34.847331+00:00,2026-08-29T19:06:34.847331+03:30,TGJU,مثقال,صندوق طلای مثقال,,176415,,172045,4370,2.54,,
2026-08-29T15:36:34.847331+00:00,2026-08-29T19:06:34.847331+03:30,TGJU,ناب,صندوق طلای ناب,,74370,,72613,1757,2.42,,
2026-08-29T15:36:34.847331+00:00,2026-08-29T19:06:34.847331+03:30,TGJU,نفیس,صندوق طلای نفیس,,127116,,124270,2846,2.29,,
2026-08-29T15:36:34.847331+00:00,2026-08-29T19:06:34.847331+03:30,TGJU,نگین فارس,صندوق طلای نگین فارس,,16624,,16300,324,1.99,,
2026-08-29T15:36:34.847331+00:00,2026-08-29T19:06:34.847331+03:30,TGJU,همیان,صندوق طلای همیان,,19212,,18802,410,2.18,,
2026-08-29T15:36:34.847331+00:00,2026-08-29T19:06:34.847331+03:30,TGJU,میراث,صندوق طلای میراث,,13036,,12767,269,2.11,,
2026-08-29T15:36:34.847331+00:00,2026-08-29T19:06:34.847331+03:30,TGJU,نهال,صندوق طلای نهال,,71237,,68715,2522,3.67,,
2026-08-29T15:36:34.847331+00:00,2026-08-29T19:06:34.847331+03:30,TGJU,سافرون,صندوق طلای سافرون,,72770,,70018,2752,3.93,,
2026-08-30T07:36:36.627841+00:00,2026-08-30T11:06:36.627841+03:30,TGJU,آتش,صندوق طلای آتش,,39063,,39063,0,0,,
2026-08-30T07:36:36.627841+00:00,2026-08-30T11:06:36.627841+03:30,TGJU,آلتون,صندوق طلای آلتون,,69455,,69455,0,0,,
2026-08-30T07:36:36.627841+00:00,2026-08-30T11:06:36.627841+03:30,TGJU,امرالد,صندوق طلای امرالد,,29343,,29343,0,0,,
2026-08-30T07:36:36.627841+00:00,2026-08-30T11:06:36.627841+03:30,TGJU,تابش,صندوق طلای تابش,,88000,,88000,0,0,,
2026-08-30T07:36:36.627841+00:00,2026-08-30T11:06:36.627841+03:30,TGJU,جام طلا,صندوق طلای جام طلا,,19700,,19700,0,0,,
2026-08-30T07:36:36.627841+00:00,2026-08-30T11:06:36.627841+03:30,TGJU,جواهر,صندوق طلای جواهر,,81659,,81659,0,0,,
2026-08-30T07:36:36.627841+00:00,2026-08-30T11:06:36.627841+03:30,TGJU,درخشان,صندوق طلای درخشان,,39697,,39697,0,0,,
2026-08-30T07:36:36.627841+00:00,2026-08-30T11:06:36.627841+03:30,TGJU,درنا,صندوق طلای درنا,,24898,,24898,0,0,,
2026-08-30T07:36:36.627841+00:00,2026-08-30T11:06:36.627841+03:30,TGJU,رز ترنج,صندوق طلای رز ترنج,,27157,,27157,0,0,,
2026-08-30T07:36:36.627841+00:00,2026-08-30T11:06:36.627841+03:30,TGJU,رزگلد,صندوق طلای رزگلد,,20199,,20199,0,0,,
2026-08-30T07:36:36.627841+00:00,2026-08-30T11:06:36.627841+03:30,TGJU,ریتون,صندوق طلای ریتون,,20918,,20918,0,0,,
2026-08-30T07:36:36.627841+00:00,2026-08-30T11:06:36.627841+03:30,TGJU,زر,صندوق طلای زر,,932236,,932236,0,0,,
2026-08-30T07:36:36.627841+00:00,2026-08-30T11:06:36.627841+03:30,TGJU,زرفام,صندوق طلای زرفام,,160500,,160500,0,0,,
2026-08-30T07:36:36.627841+00:00,2026-08-30T11:06:36.627841+03:30,TGJU,زرگر,صندوق طلای زرگر,,22290,,22290,0,0,,
2026-08-30T07:36:36.627841+00:00,2026-08-30T11:06:36.627841+03:30,TGJU,زروان,صندوق طلای زروان,,44409,,44409,0,0,,
2026-08-30T07:36:36.627841+00:00,2026-08-30T11:06:36.627841+03:30,TGJU,زمرد,صندوق طلای زمرد,,30225,,30225,0,0,,
2026-08-30T07:36:36.627841+00:00,2026-08-30T11:06:36.627841+03:30,TGJU,عیار,صندوق طلای عیار,,612444,,612444,0,0,,
2026-08-30T07:36:36.627841+00:00,2026-08-30T11:06:36.627841+03:30,TGJU,قیراط,صندوق طلای قیراط,,39066,,39066,0,0,,
2026-08-30T07:36:36.627841+00:00,2026-08-30T11:06:36.627841+03:30,TGJU,کهربا,صندوق طلای کهربا,,210440,,210440,0,0,,
2026-08-30T07:36:36.627841+00:00,2026-08-30T11:06:36.627841+03:30,TGJU,گلدا,صندوق طلای گلدا,,19745,,19745,0,0,,
2026-08-30T07:36:36.627841+00:00,2026-08-30T11:06:36.627841+03:30,TGJU,گلدیس,صندوق طلای گلدیس,,42670,,42670,0,0,,
2026-08-30T07:36:36.627841+00:00,2026-08-30T11:06:36.627841+03:30,TGJU,گنج,صندوق طلای گنج,,188752,,188752,0,0,,
2026-08-30T07:36:36.627841+00:00,2026-08-30T11:06:36.627841+03:30,TGJU,گوهر,صندوق طلای گوهر,,1041390,,1041390,0,0,,
2026-08-30T07:36:36.627841+00:00,2026-08-30T11:06:36.627841+03:30,TGJU,لوتوس,صندوق طلای لوتوس,,1556199,,1556199,0,0,,
2026-08-30T07:36:36.627841+00:00,2026-08-30T11:06:36.627841+03:30,TGJU,لیان,صندوق طلای لیان,,40261,,40261,0,0,,
2026-08-30T07:36:36.627841+00:00,2026-08-30T11:06:36.627841+03:30,TGJU,مثقال,صندوق طلای مثقال,,176415,,176415,0,0,,
2026-08-30T07:36:36.627841+00:00,2026-08-30T11:06:36.627841+03:30,TGJU,ناب,صندوق طلای ناب,,74370,,74370,0,0,,
2026-08-30T07:36:36.627841+00:00,2026-08-30T11:06:36.627841+03:30,TGJU,نفیس,صندوق طلای نفیس,,127116,,127116,0,0,,
2026-08-30T07:36:36.627841+00:00,2026-08-30T11:06:36.627841+03:30,TGJU,نگین فارس,صندوق طلای نگین فارس,,16624,,16624,0,0,,
2026-08-30T07:36:36.627841+00:00,2026-08-30T11:06:36.627841+03:30,TGJU,همیان,صندوق طلای همیان,,19212,,19212,0,0,,
2026-08-30T07:36:36.627841+00:00,2026-08-30T11:06:36.627841+03:30,TGJU,میراث,صندوق طلای میراث,,13036,,13036,0,0,,
2026-08-30T07:36:36.627841+00:00,2026-08-30T11:06:36.627841+03:30,TGJU,نهال,صندوق طلای نهال,,71237,,71237,0,0,,
2026-08-30T07:36:36.627841+00:00,2026-08-30T11:06:36.627841+03:30,TGJU,سافرون,صندوق طلای سافرون,,72770,,72770,0,0,,
2026-08-30T11:37:37.850990+00:00,2026-08-30T15:07:37.850990+03:30,TGJU,آتش,صندوق طلای آتش,,39063,,39063,0,0,,
2026-08-30T11:37:37.850990+00:00,2026-08-30T15:07:37.850990+03:30,TGJU,آلتون,صندوق طلای آلتون,,69455,,69455,0,0,,
2026-08-30T11:37:37.850990+00:00,2026-08-30T15:07:37.850990+03:30,TGJU,امرالد,صندوق طلای امرالد,,29343,,29343,0,0,,
2026-08-30T11:37:37.850990+00:00,2026-08-30T15:07:37.850990+03:30,TGJU,تابش,صندوق طلای تابش,,88000,,88000,0,0,,
2026-08-30T11:37:37.850990+00:00,2026-08-30T15:07:37.850990+03:30,TGJU,جام طلا,صندوق طلای جام طلا,,19700,,19700,0,0,,
2026-08-30T11:37:37.850990+00:00,2026-08-30T15:07:37.850990+03:30,TGJU,جواهر,صندوق طلای جواهر,,81659,,81659,0,0,,
2026-08-30T11:37:37.850990+00:00,2026-08-30T15:07:37.850990+03:30,TGJU,درخشان,صندوق طلای درخشان,,39697,,39697,0,0,,
2026-08-30T11:37:37.850990+00:00,2026-08-30T15:07:37.850990+03:30,TGJU,درنا,صندوق طلای درنا,,24898,,24898,0,0,,
2026-08-30T11:37:37.850990+00:00,2026-08-30T15:07:37.850990+03:30,TGJU,رز ترنج,صندوق طلای رز ترنج,,27157,,27157,0,0,,
2026-08-30T11:37:37.850990+00:00,2026-08-30T15:07:37.850990+03:30,TGJU,رزگلد,صندوق طلای رزگلد,,20199,,20199,0,0,,
2026-08-30T11:37:37.850990+00:00,2026-08-30T15:07:37.850990+03:30,TGJU,ریتون,صندوق طلای ریتون,,20918,,20918,0,0,,
2026-08-30T11:37:37.850990+00:00,2026-08-30T15:07:37.850990+03:30,TGJU,زر,صندوق طلای زر,,932236,,932236,0,0,,
2026-08-30T11:37:37.850990+00:00,2026-08-30T15:07:37.850990+03:30,TGJU,زرفام,صندوق طلای زرفام,,160500,,160500,0,0,,
2026-08-30T11:37:37.850990+00:00,2026-08-30T15:07:37.850990+03:30,TGJU,زرگر,صندوق طلای زرگر,,22290,,22290,0,0,,
2026-08-30T11:37:37.850990+00:00,2026-08-30T15:07:37.850990+03:30,TGJU,زروان,صندوق طلای زروان,,44409,,44409,0,0,,
2026-08-30T11:37:37.850990+00:00,2026-08-30T15:07:37.850990+03:30,TGJU,زمرد,صندوق طلای زمرد,,30225,,30225,0,0,,
2026-08-30T11:37:37.850990+00:00,2026-08-30T15:07:37.850990+03:30,TGJU,عیار,صندوق طلای عیار,,612444,,612444,0,0,,
2026-08-30T11:37:37.850990+00:00,2026-08-30T15:07:37.850990+03:30,TGJU,قیراط,صندوق طلای قیراط,,39066,,39066,0,0,,
2026-08-30T11:37:37.850990+00:00,2026-08-30T15:07:37.850990+03:30,TGJU,کهربا,صندوق طلای کهربا,,210440,,210440,0,0,,
2026-08-30T11:37:37.850990+00:00,2026-08-30T15:07:37.850990+03:30,TGJU,گلدا,صندوق طلای گلدا,,19745,,19745,0,0,,
2026-08-30T11:37:37.850990+00:00,2026-08-30T15:07:37.850990+03:30,TGJU,گلدیس,صندوق طلای گلدیس,,42670,,42670,0,0,,
2026-08-30T11:37:37.850990+00:00,2026-08-30T15:07:37.850990+03:30,TGJU,گنج,صندوق طلای گنج,,188752,,188752,0,0,,
2026-08-30T11:37:37.850990+00:00,2026-08-30T15:07:37.850990+03:30,TGJU,گوهر,صندوق طلای گوهر,,1041390,,1041390,0,0,,
2026-08-30T11:37:37.850990+00:00,2026-08-30T15:07:37.850990+03:30,TGJU,لوتوس,صندوق طلای لوتوس,,1556199,,1556199,0,0,,
2026-08-30T11:37:37.850990+00:00,2026-08-30T15:07:37.850990+03:30,TGJU,لیان,صندوق طلای لیان,,40261,,40261,0,0,,
2026-08-30T11:37:37.850990+00:00,2026-08-30T15:07:37.850990+03:30,TGJU,مثقال,صندوق طلای مثقال,,176415,,176415,0,0,,
2026-08-30T11:37:37.850990+00:00,2026-08-30T15:07:37.850990+03:30,TGJU,ناب,صندوق طلای ناب,,74370,,74370,0,0,,
2026-08-30T11:37:37.850990+00:00,2026-08-30T15:07:37.850990+03:30,TGJU,نفیس,صندوق طلای نفیس,,127116,,127116,0,0,,
2026-08-30T11:37:37.850990+00:00,2026-08-30T15:07:37.850990+03:30,TGJU,نگین فارس,صندوق طلای نگین فارس,,16624,,16624,0,0,,
2026-08-30T11:37:37.850990+00:00,2026-08-30T15:07:37.850990+03:30,TGJU,همیان,صندوق طلای همیان,,19212,,19212,0,0,,
2026-08-30T11:37:37.850990+00:00,2026-08-30T15:07:37.850990+03:30,TGJU,میراث,صندوق طلای میراث,,13036,,13036,0,0,,
2026-08-30T11:37:37.850990+00:00,2026-08-30T15:07:37.850990+03:30,TGJU,نهال,صندوق طلای نهال,,71237,,71237,0,0,,
2026-08-30T11:37:37.850990+00:00,2026-08-30T15:07:37.850990+03:30,TGJU,سافرون,صندوق طلای سافرون,,72770,,72770,0,0,,
2026-08-30T15:36:39.454175+00:00,2026-08-30T19:06:39.454175+03:30,TGJU,آتش,صندوق طلای آتش,,39063,,39063,0,0,,
2026-08-30T15:36:39.454175+00:00,2026-08-30T19:06:39.454175+03:30,TGJU,آلتون,صندوق طلای آلتون,,69455,,69455,0,0,,
2026-08-30T15:36:39.454175+00:00,2026-08-30T19:06:39.454175+03:30,TGJU,امرالد,صندوق طلای امرالد,,29343,,29343,0,0,,
2026-08-30T15:36:39.454175+00:00,2026-08-30T19:06:39.454175+03:30,TGJU,تابش,صندوق طلای تابش,,88000,,88000,0,0,,
2026-08-30T15:36:39.454175+00:00,2026-08-30T19:06:39.454175+03:30,TGJU,جام طلا,صندوق طلای جام طلا,,19700,,19700,0,0,,
2026-08-30T15:36:39.454175+00:00,2026-08-30T19:06:39.454175+03:30,TGJU,جواهر,صندوق طلای جواهر,,81659,,81659,0,0,,
2026-08-30T15:36:39.454175+00:00,2026-08-30T19:06:39.454175+03:30,TGJU,درخشان,صندوق طلای درخشان,,39697,,39697,0,0,,
2026-08-30T15:36:39.454175+00:00,2026-08-30T19:06:39.454175+03:30,TGJU,درنا,صندوق طلای درنا,,24898,,24898,0,0,,
2026-08-30T15:36:39.454175+00:00,2026-08-30T19:06:39.454175+03:30,TGJU,رز ترنج,صندوق طلای رز ترنج,,27157,,27157,0,0,,
2026-08-30T15:36:39.454175+00:00,2026-08-30T19:06:39.454175+03:30,TGJU,رزگلد,صندوق طلای رزگلد,,20199,,20199,0,0,,
2026-08-30T15:36:39.454175+00:00,2026-08-30T19:06:39.454175+03:30,TGJU,ریتون,صندوق طلای ریتون,,20918,,20918,0,0,,
2026-08-30T15:36:39.454175+00:00,2026-08-30T19:06:39.454175+03:30,TGJU,زر,صندوق طلای زر,,932236,,932236,0,0,,
2026-08-30T15:36:39.454175+00:00,2026-08-30T19:06:39.454175+03:30,TGJU,زرفام,صندوق طلای زرفام,,160500,,160500,0,0,,
2026-08-30T15:36:39.454175+00:00,2026-08-30T19:06:39.454175+03:30,TGJU,زرگر,صندوق طلای زرگر,,22290,,22290,0,0,,
2026-08-30T15:36:39.454175+00:00,2026-08-30T19:06:39.454175+03:30,TGJU,زروان,صندوق طلای زروان,,44409,,44409,0,0,,
2026-08-30T15:36:39.454175+00:00,2026-08-30T19:06:39.454175+03:30,TGJU,زمرد,صندوق طلای زمرد,,30225,,30225,0,0,,
2026-08-30T15:36:39.454175+00:00,2026-08-30T19:06:39.454175+03:30,TGJU,عیار,صندوق طلای عیار,,612444,,612444,0,0,,
2026-08-30T15:36:39.454175+00:00,2026-08-30T19:06:39.454175+03:30,TGJU,قیراط,صندوق طلای قیراط,,39066,,39066,0,0,,
2026-08-30T15:36:39.454175+00:00,2026-08-30T19:06:39.454175+03:30,TGJU,کهربا,صندوق طلای کهربا,,210440,,210440,0,0,,
2026-08-30T15:36:39.454175+00:00,2026-08-30T19:06:39.454175+03:30,TGJU,گلدا,صندوق طلای گلدا,,19745,,19745,0,0,,
2026-08-30T15:36:39.454175+00:00,2026-08-30T19:06:39.454175+03:30,TGJU,گلدیس,صندوق طلای گلدیس,,42670,,42670,0,0,,
2026-08-30T15:36:39.454175+00:00,2026-08-30T19:06:39.454175+03:30,TGJU,گنج,صندوق طلای گنج,,188752,,188752,0,0,,
2026-08-30T15:36:39.454175+00:00,2026-08-30T19:06:39.454175+03:30,TGJU,گوهر,صندوق طلای گوهر,,1041390,,1041390,0,0,,
2026-08-30T15:36:39.454175+00:00,2026-08-30T19:06:39.454175+03:30,TGJU,لوتوس,صندوق طلای لوتوس,,1556199,,1556199,0,0,,
2026-08-30T15:36:39.454175+00:00,2026-08-30T19:06:39.454175+03:30,TGJU,لیان,صندوق طلای لیان,,40261,,40261,0,0,,
2026-08-30T15:36:39.454175+00:00,2026-08-30T19:06:39.454175+03:30,TGJU,مثقال,صندوق طلای مثقال,,176415,,176415,0,0,,
2026-08-30T15:36:39.454175+00:00,2026-08-30T19:06:39.454175+03:30,TGJU,ناب,صندوق طلای ناب,,74370,,74370,0,0,,
2026-08-30T15:36:39.454175+00:00,2026-08-30T19:06:39.454175+03:30,TGJU,نفیس,صندوق طلای نفیس,,127116,,127116,0,0,,
2026-08-30T15:36:39.454175+00:00,2026-08-30T19:06:39.454175+03:30,TGJU,نگین فارس,صندوق طلای نگین فارس,,16624,,16624,0,0,,
2026-08-30T15:36:39.454175+00:00,2026-08-30T19:06:39.454175+03:30,TGJU,همیان,صندوق طلای همیان,,19212,,19212,0,0,,
2026-08-30T15:36:39.454175+00:00,2026-08-30T19:06:39.454175+03:30,TGJU,میراث,صندوق طلای میراث,,13036,,13036,0,0,,
2026-08-30T15:36:39.454175+00:00,2026-08-30T19:06:39.454175+03:30,TGJU,نهال,صندوق طلای نهال,,71237,,71237,0,0,,
2026-08-30T15:36:39.454175+00:00,2026-08-30T19:06:39.454175+03:30,TGJU,سافرون,صندوق طلای سافرون,,72770,,72770,0,0,,
2026-08-31T07:36:32.649037+00:00,2026-08-31T11:06:32.649037+03:30,TGJU,آتش,صندوق طلای آتش,,39063,,39063,0,0,,
2026-08-31T07:36:32.649037+00:00,2026-08-31T11:06:32.649037+03:30,TGJU,آلتون,صندوق طلای آلتون,,69455,,69455,0,0,,
2026-08-31T07:36:32.649037+00:00,2026-08-31T11:06:32.649037+03:30,TGJU,امرالد,صندوق طلای امرالد,,29343,,29343,0,0,,
2026-08-31T07:36:32.649037+00:00,2026-08-31T11:06:32.649037+03:30,TGJU,تابش,صندوق طلای تابش,,88000,,88000,0,0,,
2026-08-31T07:36:32.649037+00:00,2026-08-31T11:06:32.649037+03:30,TGJU,جام طلا,صندوق طلای جام طلا,,19700,,19700,0,0,,
2026-08-31T07:36:32.649037+00:00,2026-08-31T11:06:32.649037+03:30,TGJU,جواهر,صندوق طلای جواهر,,81659,,81659,0,0,,
2026-08-31T07:36:32.649037+00:00,2026-08-31T11:06:32.649037+03:30,TGJU,درخشان,صندوق طلای درخشان,,39697,,39697,0,0,,
2026-08-31T07:36:32.649037+00:00,2026-08-31T11:06:32.649037+03:30,TGJU,درنا,صندوق طلای درنا,,24898,,24898,0,0,,
2026-08-31T07:36:32.649037+00:00,2026-08-31T11:06:32.649037+03:30,TGJU,رز ترنج,صندوق طلای رز ترنج,,27157,,27157,0,0,,
2026-08-31T07:36:32.649037+00:00,2026-08-31T11:06:32.649037+03:30,TGJU,رزگلد,صندوق طلای رزگلد,,20199,,20199,0,0,,
2026-08-31T07:36:32.649037+00:00,2026-08-31T11:06:32.649037+03:30,TGJU,ریتون,صندوق طلای ریتون,,20918,,20918,0,0,,
2026-08-31T07:36:32.649037+00:00,2026-08-31T11:06:32.649037+03:30,TGJU,زر,صندوق طلای زر,,932236,,932236,0,0,,
2026-08-31T07:36:32.649037+00:00,2026-08-31T11:06:32.649037+03:30,TGJU,زرفام,صندوق طلای زرفام,,160500,,160500,0,0,,
2026-08-31T07:36:32.649037+00:00,2026-08-31T11:06:32.649037+03:30,TGJU,زرگر,صندوق طلای زرگر,,22290,,22290,0,0,,
2026-08-31T07:36:32.649037+00:00,2026-08-31T11:06:32.649037+03:30,TGJU,زروان,صندوق طلای زروان,,44409,,44409,0,0,,
2026-08-31T07:36:32.649037+00:00,2026-08-31T11:06:32.649037+03:30,TGJU,زمرد,صندوق طلای زمرد,,30225,,30225,0,0,,
2026-08-31T07:36:32.649037+00:00,2026-08-31T11:06:32.649037+03:30,TGJU,عیار,صندوق طلای عیار,,612444,,612444,0,0,,
2026-08-31T07:36:32.649037+00:00,2026-08-31T11:06:32.649037+03:30,TGJU,قیراط,صندوق طلای قیراط,,39066,,39066,0,0,,
2026-08-31T07:36:32.649037+00:00,2026-08-31T11:06:32.649037+03:30,TGJU,کهربا,صندوق طلای کهربا,,210440,,210440,0,0,,
2026-08-31T07:36:32.649037+00:00,2026-08-31T11:06:32.649037+03:30,TGJU,گلدا,صندوق طلای گلدا,,19745,,19745,0,0,,
2026-08-31T07:36:32.649037+00:00,2026-08-31T11:06:32.649037+03:30,TGJU,گلدیس,صندوق طلای گلدیس,,42670,,42670,0,0,,
2026-08-31T07:36:32.649037+00:00,2026-08-31T11:06:32.649037+03:30,TGJU,گنج,صندوق طلای گنج,,188752,,188752,0,0,,
2026-08-31T07:36:32.649037+00:00,2026-08-31T11:06:32.649037+03:30,TGJU,گوهر,صندوق طلای گوهر,,1041390,,1041390,0,0,,
2026-08-31T07:36:32.649037+00:00,2026-08-31T11:06:32.649037+03:30,TGJU,لوتوس,صندوق طلای لوتوس,,1556199,,1556199,0,0,,
2026-08-31T07:36:32.649037+00:00,2026-08-31T11:06:32.649037+03:30,TGJU,لیان,صندوق طلای لیان,,40261,,40261,0,0,,
2026-08-31T07:36:32.649037+00:00,2026-08-31T11:06:32.649037+03:30,TGJU,مثقال,صندوق طلای مثقال,,176415,,176415,0,0,,
2026-08-31T07:36:32.649037+00:00,2026-08-31T11:06:32.649037+03:30,TGJU,ناب,صندوق طلای ناب,,74370,,74370,0,0,,
2026-08-31T07:36:32.649037+00:00,2026-08-31T11:06:32.649037+03:30,TGJU,نفیس,صندوق طلای نفیس,,127116,,127116,0,0,,
2026-08-31T07:36:32.649037+00:00,2026-08-31T11:06:32.649037+03:30,TGJU,نگین فارس,صندوق طلای نگین فارس,,16624,,16624,0,0,,
2026-08-31T07:36:32.649037+00:00,2026-08-31T11:06:32.649037+03:30,TGJU,همیان,صندوق طلای همیان,,19212,,19212,0,0,,
2026-08-31T07:36:32.649037+00:00,2026-08-31T11:06:32.649037+03:30,TGJU,میراث,صندوق طلای میراث,,13036,,13036,0,0,,
2026-08-31T07:36:32.649037+00:00,2026-08-31T11:06:32.649037+03:30,TGJU,نهال,صندوق طلای نهال,,71237,,71237,0,0,,
2026-08-31T07:36:32.649037+00:00,2026-08-31T11:06:32.649037+03:30,TGJU,سافرون,صندوق طلای سافرون,,72770,,72770,0,0,,
2026-08-31T11:37:26.821688+00:00,2026-08-31T15:07:26.821688+03:30,TGJU,آتش,صندوق طلای آتش,,39910,,39062,848,2.17,,
2026-08-31T11:37:26.821688+00:00,2026-08-31T15:07:26.821688+03:30,TGJU,آلتون,صندوق طلای آلتون,,71290,,69456,1834,2.64,,
2026-08-31T11:37:26.821688+00:00,2026-08-31T15:07:26.821688+03:30,TGJU,امرالد,صندوق طلای امرالد,,30170,,29343,827,2.82,,
2026-08-31T11:37:26.821688+00:00,2026-08-31T15:07:26.821688+03:30,TGJU,تابش,صندوق طلای تابش,,90386,,88001,2385,2.71,,
2026-08-31T11:37:26.821688+00:00,2026-08-31T15:07:26.821688+03:30,TGJU,جام طلا,صندوق طلای جام طلا,,20150,,19701,449,2.28,,
2026-08-31T11:37:26.821688+00:00,2026-08-31T15:07:26.821688+03:30,TGJU,جواهر,صندوق طلای جواهر,,83952,,81657,2295,2.81,,
2026-08-31T11:37:26.821688+00:00,2026-08-31T15:07:26.821688+03:30,TGJU,درخشان,صندوق طلای درخشان,,40685,,39697,988,2.49,,
2026-08-31T11:37:26.821688+00:00,2026-08-31T15:07:26.821688+03:30,TGJU,درنا,صندوق طلای درنا,,25519,,24899,620,2.49,,
2026-08-31T11:37:26.821688+00:00,2026-08-31T15:07:26.821688+03:30,TGJU,رز ترنج,صندوق طلای رز ترنج,,27799,,27158,641,2.36,,
2026-08-31T11:37:26.821688+00:00,2026-08-31T15:07:26.821688+03:30,TGJU,رزگلد,صندوق طلای رزگلد,,20670,,20199,471,2.33,,
2026-08-31T11:37:26.821688+00:00,2026-08-31T15:07:26.821688+03:30,TGJU,ریتون,صندوق طلای ریتون,,21470,,20918,552,2.64,,
2026-08-31T11:37:26.821688+00:00,2026-08-31T15:07:26.821688+03:30,TGJU,زر,صندوق طلای زر,,958518,,932229,26289,2.82,,
2026-08-31T11:37:26.821688+00:00,2026-08-31T15:07:26.821688+03:30,TGJU,زرفام,صندوق طلای زرفام,,164820,,160502,4318,2.69,,
2026-08-31T11:37:26.821688+00:00,2026-08-31T15:07:26.821688+03:30,TGJU,زرگر,صندوق طلای زرگر,,22850,,22291,559,2.51,,
2026-08-31T11:37:26.821688+00:00,2026-08-31T15:07:26.821688+03:30,TGJU,زروان,صندوق طلای زروان,,45500,,44408,1092,2.46,,
2026-08-31T11:37:26.821688+00:00,2026-08-31T15:07:26.821688+03:30,TGJU,زمرد,صندوق طلای زمرد,,30988,,30226,762,2.52,,
2026-08-31T11:37:26.821688+00:00,2026-08-31T15:07:26.821688+03:30,TGJU,عیار,صندوق طلای عیار,,633500,,612432,21068,3.44,,
2026-08-31T11:37:26.821688+00:00,2026-08-31T15:07:26.821688+03:30,TGJU,قیراط,صندوق طلای قیراط,,40149,,39067,1082,2.77,,
2026-08-31T11:37:26.821688+00:00,2026-08-31T15:07:26.821688+03:30,TGJU,کهربا,صندوق طلای کهربا,,216588,,210443,6145,2.92,,
2026-08-31T11:37:26.821688+00:00,2026-08-31T15:07:26.821688+03:30,TGJU,گلدا,صندوق طلای گلدا,,20173,,19745,428,2.17,,
2026-08-31T11:37:26.821688+00:00,2026-08-31T15:07:26.821688+03:30,TGJU,گلدیس,صندوق طلای گلدیس,,43700,,42672,1028,2.41,,
2026-08-31T11:37:26.821688+00:00,2026-08-31T15:07:26.821688+03:30,TGJU,گنج,صندوق طلای گنج,,194300,,188751,5549,2.94,,
2026-08-31T11:37:26.821688+00:00,2026-08-31T15:07:26.821688+03:30,TGJU,گوهر,صندوق طلای گوهر,,1075001,,1041365,33636,3.23,,
2026-08-31T11:37:26.821688+00:00,2026-08-31T15:07:26.821688+03:30,TGJU,لوتوس,صندوق طلای لوتوس,,1599021,,1556225,42796,2.75,,
2026-08-31T11:37:26.821688+00:00,2026-08-31T15:07:26.821688+03:30,TGJU,لیان,صندوق طلای لیان,,41223,,40261,962,2.39,,
2026-08-31T11:37:26.821688+00:00,2026-08-31T15:07:26.821688+03:30,TGJU,مثقال,صندوق طلای مثقال,,181222,,176423,4799,2.72,,
2026-08-31T11:37:26.821688+00:00,2026-08-31T15:07:26.821688+03:30,TGJU,ناب,صندوق طلای ناب,,76287,,74368,1919,2.58,,
2026-08-31T11:37:26.821688+00:00,2026-08-31T15:07:26.821688+03:30,TGJU,نفیس,صندوق طلای نفیس,,130451,,127120,3331,2.62,,
2026-08-31T11:37:26.821688+00:00,2026-08-31T15:07:26.821688+03:30,TGJU,نگین فارس,صندوق طلای نگین فارس,,17098,,16624,474,2.85,,
2026-08-31T11:37:26.821688+00:00,2026-08-31T15:07:26.821688+03:30,TGJU,همیان,صندوق طلای همیان,,19681,,19212,469,2.44,,
2026-08-31T11:37:26.821688+00:00,2026-08-31T15:07:26.821688+03:30,TGJU,میراث,صندوق طلای میراث,,13390,,13035,355,2.72,,
2026-08-31T11:37:26.821688+00:00,2026-08-31T15:07:26.821688+03:30,TGJU,نهال,صندوق طلای نهال,,71990,,71235,755,1.06,,
2026-08-31T11:37:26.821688+00:00,2026-08-31T15:07:26.821688+03:30,TGJU,سافرون,صندوق طلای سافرون,,72908,,72770,138,0.19,,
2026-08-31T15:36:43.193104+00:00,2026-08-31T19:06:43.193104+03:30,TGJU,آتش,صندوق طلای آتش,,40000,,39062,938,2.4,,
2026-08-31T15:36:43.193104+00:00,2026-08-31T19:06:43.193104+03:30,TGJU,آلتون,صندوق طلای آلتون,,71202,,69452,1750,2.52,,
2026-08-31T15:36:43.193104+00:00,2026-08-31T19:06:43.193104+03:30,TGJU,امرالد,صندوق طلای امرالد,,30124,,29343,781,2.66,,
2026-08-31T15:36:43.193104+00:00,2026-08-31T19:06:43.193104+03:30,TGJU,تابش,صندوق طلای تابش,,90100,,87997,2103,2.39,,
2026-08-31T15:36:43.193104+00:00,2026-08-31T19:06:43.193104+03:30,TGJU,جام طلا,صندوق طلای جام طلا,,20101,,19699,402,2.04,,
2026-08-31T15:36:43.193104+00:00,2026-08-31T19:06:43.193104+03:30,TGJU,جواهر,صندوق طلای جواهر,,83555,,81660,1895,2.32,,
2026-08-31T15:36:43.193104+00:00,2026-08-31T19:06:43.193104+03:30,TGJU,درخشان,صندوق طلای درخشان,,40570,,39697,873,2.2,,
2026-08-31T15:36:43.193104+00:00,2026-08-31T19:06:43.193104+03:30,TGJU,درنا,صندوق طلای درنا,,25450,,24897,553,2.22,,
2026-08-31T15:36:43.193104+00:00,2026-08-31T19:06:43.193104+03:30,TGJU,رز ترنج,صندوق طلای رز ترنج,,27820,,27157,663,2.44,,
2026-08-31T15:36:43.193104+00:00,2026-08-31T19:06:43.193104+03:30,TGJU,رزگلد,صندوق طلای رزگلد,,20880,,20199,681,3.37,,
2026-08-31T15:36:43.193104+00:00,2026-08-31T19:06:43.193104+03:30,TGJU,ریتون,صندوق طلای ریتون,,21410,,20918,492,2.35,,
2026-08-31T15:36:43.193104+00:00,2026-08-31T19:06:43.193104+03:30,TGJU,زر,صندوق طلای زر,,956115,,932249,23866,2.56,,
2026-08-31T15:36:43.193104+00:00,2026-08-31T19:06:43.193104+03:30,TGJU,زرفام,صندوق طلای زرفام,,164829,,160496,4333,2.7,,
2026-08-31T15:36:43.193104+00:00,2026-08-31T19:06:43.193104+03:30,TGJU,زرگر,صندوق طلای زرگر,,23050,,22290,760,3.41,,
2026-08-31T15:36:43.193104+00:00,2026-08-31T19:06:43.193104+03:30,TGJU,زروان,صندوق طلای زروان,,45450,,44411,1039,2.34,,
2026-08-31T15:36:43.193104+00:00,2026-08-31T19:06:43.193104+03:30,TGJU,زمرد,صندوق طلای زمرد,,30957,,30226,731,2.42,,
2026-08-31T15:36:43.193104+00:00,2026-08-31T19:06:43.193104+03:30,TGJU,عیار,صندوق طلای عیار,,634001,,612443,21558,3.52,,
2026-08-31T15:36:43.193104+00:00,2026-08-31T19:06:43.193104+03:30,TGJU,قیراط,صندوق طلای قیراط,,40290,,39067,1223,3.13,,
2026-08-31T15:36:43.193104+00:00,2026-08-31T19:06:43.193104+03:30,TGJU,کهربا,صندوق طلای کهربا,,216398,,210442,5956,2.83,,
2026-08-31T15:36:43.193104+00:00,2026-08-31T19:06:43.193104+03:30,TGJU,گلدا,صندوق طلای گلدا,,20220,,19744,476,2.41,,
2026-08-31T15:36:43.193104+00:00,2026-08-31T19:06:43.193104+03:30,TGJU,گلدیس,صندوق طلای گلدیس,,43864,,42669,1195,2.8,,
2026-08-31T15:36:43.193104+00:00,2026-08-31T19:06:43.193104+03:30,TGJU,گنج,صندوق طلای گنج,,194400,,188756,5644,2.99,,
2026-08-31T15:36:43.193104+00:00,2026-08-31T19:06:43.193104+03:30,TGJU,گوهر,صندوق طلای گوهر,,1072369,,1041438,30931,2.97,,
2026-08-31T15:36:43.193104+00:00,2026-08-31T19:06:43.193104+03:30,TGJU,لوتوس,صندوق طلای لوتوس,,1597600,,1556205,41395,2.66,,
2026-08-31T15:36:43.193104+00:00,2026-08-31T19:06:43.193104+03:30,TGJU,لیان,صندوق طلای لیان,,41240,,40262,978,2.43,,
2026-08-31T15:36:43.193104+00:00,2026-08-31T19:06:43.193104+03:30,TGJU,مثقال,صندوق طلای مثقال,,181351,,176411,4940,2.8,,
2026-08-31T15:36:43.193104+00:00,2026-08-31T19:06:43.193104+03:30,TGJU,ناب,صندوق طلای ناب,,76118,,74370,1748,2.35,,
2026-08-31T15:36:43.193104+00:00,2026-08-31T19:06:43.193104+03:30,TGJU,نفیس,صندوق طلای نفیس,,130350,,127121,3229,2.54,,
2026-08-31T15:36:43.193104+00:00,2026-08-31T19:06:43.193104+03:30,TGJU,نگین فارس,صندوق طلای نگین فارس,,17040,,16624,416,2.5,,
2026-08-31T15:36:43.193104+00:00,2026-08-31T19:06:43.193104+03:30,TGJU,همیان,صندوق طلای همیان,,19647,,19213,434,2.26,,
2026-08-31T15:36:43.193104+00:00,2026-08-31T19:06:43.193104+03:30,TGJU,میراث,صندوق طلای میراث,,13448,,13036,412,3.16,,
2026-08-31T15:36:43.193104+00:00,2026-08-31T19:06:43.193104+03:30,TGJU,نهال,صندوق طلای نهال,,71448,,71234,214,0.3,,
2026-08-31T15:36:43.193104+00:00,2026-08-31T19:06:43.193104+03:30,TGJU,سافرون,صندوق طلای سافرون,,73396,,72770,626,0.86,,
2026-09-01T07:41:45.426524+00:00,2026-09-01T11:11:45.426524+03:30,TGJU,آتش,صندوق طلای آتش,,40000,,40000,0,0,,
2026-09-01T07:41:45.426524+00:00,2026-09-01T11:11:45.426524+03:30,TGJU,آلتون,صندوق طلای آلتون,,71202,,71202,0,0,,
2026-09-01T07:41:45.426524+00:00,2026-09-01T11:11:45.426524+03:30,TGJU,امرالد,صندوق طلای امرالد,,30124,,30124,0,0,,
2026-09-01T07:41:45.426524+00:00,2026-09-01T11:11:45.426524+03:30,TGJU,تابش,صندوق طلای تابش,,90100,,90100,0,0,,
2026-09-01T07:41:45.426524+00:00,2026-09-01T11:11:45.426524+03:30,TGJU,جام طلا,صندوق طلای جام طلا,,20101,,20101,0,0,,
2026-09-01T07:41:45.426524+00:00,2026-09-01T11:11:45.426524+03:30,TGJU,جواهر,صندوق طلای جواهر,,83555,,83555,0,0,,
2026-09-01T07:41:45.426524+00:00,2026-09-01T11:11:45.426524+03:30,TGJU,درخشان,صندوق طلای درخشان,,40570,,40570,0,0,,
2026-09-01T07:41:45.426524+00:00,2026-09-01T11:11:45.426524+03:30,TGJU,درنا,صندوق طلای درنا,,25450,,25450,0,0,,
2026-09-01T07:41:45.426524+00:00,2026-09-01T11:11:45.426524+03:30,TGJU,رز ترنج,صندوق طلای رز ترنج,,27820,,27820,0,0,,
2026-09-01T07:41:45.426524+00:00,2026-09-01T11:11:45.426524+03:30,TGJU,رزگلد,صندوق طلای رزگلد,,20880,,20880,0,0,,
2026-09-01T07:41:45.426524+00:00,2026-09-01T11:11:45.426524+03:30,TGJU,ریتون,صندوق طلای ریتون,,21410,,21410,0,0,,
2026-09-01T07:41:45.426524+00:00,2026-09-01T11:11:45.426524+03:30,TGJU,زر,صندوق طلای زر,,956115,,956115,0,0,,
2026-09-01T07:41:45.426524+00:00,2026-09-01T11:11:45.426524+03:30,TGJU,زرفام,صندوق طلای زرفام,,164829,,164829,0,0,,
2026-09-01T07:41:45.426524+00:00,2026-09-01T11:11:45.426524+03:30,TGJU,زرگر,صندوق طلای زرگر,,23050,,23050,0,0,,
2026-09-01T07:41:45.426524+00:00,2026-09-01T11:11:45.426524+03:30,TGJU,زروان,صندوق طلای زروان,,45450,,45450,0,0,,
2026-09-01T07:41:45.426524+00:00,2026-09-01T11:11:45.426524+03:30,TGJU,زمرد,صندوق طلای زمرد,,30957,,30957,0,0,,
2026-09-01T07:41:45.426524+00:00,2026-09-01T11:11:45.426524+03:30,TGJU,عیار,صندوق طلای عیار,,634001,,634001,0,0,,
2026-09-01T07:41:45.426524+00:00,2026-09-01T11:11:45.426524+03:30,TGJU,قیراط,صندوق طلای قیراط,,40290,,40290,0,0,,
2026-09-01T07:41:45.426524+00:00,2026-09-01T11:11:45.426524+03:30,TGJU,کهربا,صندوق طلای کهربا,,216398,,216398,0,0,,
2026-09-01T07:41:45.426524+00:00,2026-09-01T11:11:45.426524+03:30,TGJU,گلدا,صندوق طلای گلدا,,20220,,20220,0,0,,
2026-09-01T07:41:45.426524+00:00,2026-09-01T11:11:45.426524+03:30,TGJU,گلدیس,صندوق طلای گلدیس,,43864,,43864,0,0,,
2026-09-01T07:41:45.426524+00:00,2026-09-01T11:11:45.426524+03:30,TGJU,گنج,صندوق طلای گنج,,194400,,194400,0,0,,
2026-09-01T07:41:45.426524+00:00,2026-09-01T11:11:45.426524+03:30,TGJU,گوهر,صندوق طلای گوهر,,1072369,,1072369,0,0,,
2026-09-01T07:41:45.426524+00:00,2026-09-01T11:11:45.426524+03:30,TGJU,لوتوس,صندوق طلای لوتوس,,1597600,,1597600,0,0,,
2026-09-01T07:41:45.426524+00:00,2026-09-01T11:11:45.426524+03:30,TGJU,لیان,صندوق طلای لیان,,41240,,41240,0,0,,
2026-09-01T07:41:45.426524+00:00,2026-09-01T11:11:45.426524+03:30,TGJU,مثقال,صندوق طلای مثقال,,181351,,181351,0,0,,
2026-09-01T07:41:45.426524+00:00,2026-09-01T11:11:45.426524+03:30,TGJU,ناب,صندوق طلای ناب,,76118,,76118,0,0,,
2026-09-01T07:41:45.426524+00:00,2026-09-01T11:11:45.426524+03:30,TGJU,نفیس,صندوق طلای نفیس,,130350,,130350,0,0,,
2026-09-01T07:41:45.426524+00:00,2026-09-01T11:11:45.426524+03:30,TGJU,نگین فارس,صندوق طلای نگین فارس,,17040,,17040,0,0,,
2026-09-01T07:41:45.426524+00:00,2026-09-01T11:11:45.426524+03:30,TGJU,همیان,صندوق طلای همیان,,19647,,19647,0,0,,
2026-09-01T07:41:45.426524+00:00,2026-09-01T11:11:45.426524+03:30,TGJU,میراث,صندوق طلای میراث,,13448,,13448,0,0,,
2026-09-01T07:41:45.426524+00:00,2026-09-01T11:11:45.426524+03:30,TGJU,نهال,صندوق طلای نهال,,71448,,71448,0,0,,
2026-09-01T07:41:45.426524+00:00,2026-09-01T11:11:45.426524+03:30,TGJU,سافرون,صندوق طلای سافرون,,73396,,73396,0,0,,
2026-09-01T11:41:23.824643+00:00,2026-09-01T15:11:23.824643+03:30,TGJU,آتش,صندوق طلای آتش,,39668,,39338,330,0.84,,
2026-09-01T11:41:23.824643+00:00,2026-09-01T15:11:23.824643+03:30,TGJU,آلتون,صندوق طلای آلتون,,70811,,70424,387,0.55,,
2026-09-01T11:41:23.824643+00:00,2026-09-01T15:11:23.824643+03:30,TGJU,امرالد,صندوق طلای امرالد,,29959,,29795,164,0.55,,
2026-09-01T11:41:23.824643+00:00,2026-09-01T15:11:23.824643+03:30,TGJU,تابش,صندوق طلای تابش,,89547,,88995,552,0.62,,
2026-09-01T11:41:23.824643+00:00,2026-09-01T15:11:23.824643+03:30,TGJU,جام طلا,صندوق طلای جام طلا,,19965,,19830,135,0.68,,
2026-09-01T11:41:23.824643+00:00,2026-09-01T15:11:23.824643+03:30,TGJU,جواهر,صندوق طلای جواهر,,82715,,81880,835,1.02,,
2026-09-01T11:41:23.824643+00:00,2026-09-01T15:11:23.824643+03:30,TGJU,درخشان,صندوق طلای درخشان,,40259,,39951,308,0.77,,
2026-09-01T11:41:23.824643+00:00,2026-09-01T15:11:23.824643+03:30,TGJU,درنا,صندوق طلای درنا,,25249,,25049,200,0.8,,
2026-09-01T11:41:23.824643+00:00,2026-09-01T15:11:23.824643+03:30,TGJU,رز ترنج,صندوق طلای رز ترنج,,27670,,27521,149,0.54,,
2026-09-01T11:41:23.824643+00:00,2026-09-01T15:11:23.824643+03:30,TGJU,رزگلد,صندوق طلای رزگلد,,20595,,20315,280,1.38,,
2026-09-01T11:41:23.824643+00:00,2026-09-01T15:11:23.824643+03:30,TGJU,ریتون,صندوق طلای ریتون,,21241,,21072,169,0.8,,
2026-09-01T11:41:23.824643+00:00,2026-09-01T15:11:23.824643+03:30,TGJU,زر,صندوق طلای زر,,950200,,944345,5855,0.62,,
2026-09-01T11:41:23.824643+00:00,2026-09-01T15:11:23.824643+03:30,TGJU,زرفام,صندوق طلای زرفام,,163334,,161845,1489,0.92,,
2026-09-01T11:41:23.824643+00:00,2026-09-01T15:11:23.824643+03:30,TGJU,زرگر,صندوق طلای زرگر,,22732,,22418,314,1.4,,
2026-09-01T11:41:23.824643+00:00,2026-09-01T15:11:23.824643+03:30,TGJU,زروان,صندوق طلای زروان,,44901,,44360,541,1.22,,
2026-09-01T11:41:23.824643+00:00,2026-09-01T15:11:23.824643+03:30,TGJU,زمرد,صندوق طلای زمرد,,30745,,30534,211,0.69,,
2026-09-01T11:41:23.824643+00:00,2026-09-01T15:11:23.824643+03:30,TGJU,عیار,صندوق طلای عیار,,628690,,623453,5237,0.84,,
2026-09-01T11:41:23.824643+00:00,2026-09-01T15:11:23.824643+03:30,TGJU,قیراط,صندوق طلای قیراط,,40016,,39746,270,0.68,,
2026-09-01T11:41:23.824643+00:00,2026-09-01T15:11:23.824643+03:30,TGJU,کهربا,صندوق طلای کهربا,,214500,,212629,1871,0.88,,
2026-09-01T11:41:23.824643+00:00,2026-09-01T15:11:23.824643+03:30,TGJU,گلدا,صندوق طلای گلدا,,20070,,19921,149,0.75,,
2026-09-01T11:41:23.824643+00:00,2026-09-01T15:11:23.824643+03:30,TGJU,گلدیس,صندوق طلای گلدیس,,43400,,42941,459,1.07,,
2026-09-01T11:41:23.824643+00:00,2026-09-01T15:11:23.824643+03:30,TGJU,گنج,صندوق طلای گنج,,192485,,190598,1887,0.99,,
2026-09-01T11:41:23.824643+00:00,2026-09-01T15:11:23.824643+03:30,TGJU,گوهر,صندوق طلای گوهر,,1063898,,1055454,8444,0.8,,
2026-09-01T11:41:23.824643+00:00,2026-09-01T15:11:23.824643+03:30,TGJU,لوتوس,صندوق طلای لوتوس,,1586000,,1574506,11494,0.73,,
2026-09-01T11:41:23.824643+00:00,2026-09-01T15:11:23.824643+03:30,TGJU,لیان,صندوق طلای لیان,,40857,,40477,380,0.94,,
2026-09-01T11:41:23.824643+00:00,2026-09-01T15:11:23.824643+03:30,TGJU,مثقال,صندوق طلای مثقال,,179565,,177805,1760,0.99,,
2026-09-01T11:41:23.824643+00:00,2026-09-01T15:11:23.824643+03:30,TGJU,ناب,صندوق طلای ناب,,75499,,74885,614,0.82,,
2026-09-01T11:41:23.824643+00:00,2026-09-01T15:11:23.824643+03:30,TGJU,نفیس,صندوق طلای نفیس,,129326,,128312,1014,0.79,,
2026-09-01T11:41:23.824643+00:00,2026-09-01T15:11:23.824643+03:30,TGJU,نگین فارس,صندوق طلای نگین فارس,,16988,,16935,53,0.31,,
2026-09-01T11:41:23.824643+00:00,2026-09-01T15:11:23.824643+03:30,TGJU,همیان,صندوق طلای همیان,,19618,,19589,29,0.15,,
2026-09-01T11:41:23.824643+00:00,2026-09-01T15:11:23.824643+03:30,TGJU,میراث,صندوق طلای میراث,,13294,,13142,152,1.16,,
2026-09-01T11:41:23.824643+00:00,2026-09-01T15:11:23.824643+03:30,TGJU,نهال,صندوق طلای نهال,,70370,,69310,1060,1.53,,
2026-09-01T11:41:23.824643+00:00,2026-09-01T15:11:23.824643+03:30,TGJU,سافرون,صندوق طلای سافرون,,72695,,72004,691,0.96,,
2026-09-01T16:12:54.077862+00:00,2026-09-01T19:42:54.077862+03:30,TGJU,آتش,صندوق طلای آتش,,39231,,38477,754,1.96,,
2026-09-01T16:12:54.077862+00:00,2026-09-01T19:42:54.077862+03:30,TGJU,آلتون,صندوق طلای آلتون,,70152,,69115,1037,1.5,,
2026-09-01T16:12:54.077862+00:00,2026-09-01T19:42:54.077862+03:30,TGJU,امرالد,صندوق طلای امرالد,,29706,,29293,413,1.41,,
2026-09-01T16:12:54.077862+00:00,2026-09-01T19:42:54.077862+03:30,TGJU,تابش,صندوق طلای تابش,,87990,,85928,2062,2.4,,
2026-09-01T16:12:54.077862+00:00,2026-09-01T19:42:54.077862+03:30,TGJU,جام طلا,صندوق طلای جام طلا,,19746,,19397,349,1.8,,
2026-09-01T16:12:54.077862+00:00,2026-09-01T19:42:54.077862+03:30,TGJU,جواهر,صندوق طلای جواهر,,82357,,81180,1177,1.45,,
2026-09-01T16:12:54.077862+00:00,2026-09-01T19:42:54.077862+03:30,TGJU,درخشان,صندوق طلای درخشان,,39820,,39085,735,1.88,,
2026-09-01T16:12:54.077862+00:00,2026-09-01T19:42:54.077862+03:30,TGJU,درنا,صندوق طلای درنا,,25024,,24606,418,1.7,,
2026-09-01T16:12:54.077862+00:00,2026-09-01T19:42:54.077862+03:30,TGJU,رز ترنج,صندوق طلای رز ترنج,,27458,,27100,358,1.32,,
2026-09-01T16:12:54.077862+00:00,2026-09-01T19:42:54.077862+03:30,TGJU,رزگلد,صندوق طلای رزگلد,,20461,,20050,411,2.05,,
2026-09-01T16:12:54.077862+00:00,2026-09-01T19:42:54.077862+03:30,TGJU,ریتون,صندوق طلای ریتون,,21110,,20814,296,1.42,,
2026-09-01T16:12:54.077862+00:00,2026-09-01T19:42:54.077862+03:30,TGJU,زر,صندوق طلای زر,,943500,,931024,12476,1.34,,
2026-09-01T16:12:54.077862+00:00,2026-09-01T19:42:54.077862+03:30,TGJU,زرفام,صندوق طلای زرفام,,161990,,159204,2786,1.75,,
2026-09-01T16:12:54.077862+00:00,2026-09-01T19:42:54.077862+03:30,TGJU,زرگر,صندوق طلای زرگر,,22580,,22120,460,2.08,,
2026-09-01T16:12:54.077862+00:00,2026-09-01T19:42:54.077862+03:30,TGJU,زروان,صندوق طلای زروان,,44611,,43788,823,1.88,,
2026-09-01T16:12:54.077862+00:00,2026-09-01T19:42:54.077862+03:30,TGJU,زمرد,صندوق طلای زمرد,,30450,,29950,500,1.67,,
2026-09-01T16:12:54.077862+00:00,2026-09-01T19:42:54.077862+03:30,TGJU,عیار,صندوق طلای عیار,,623512,,613210,10302,1.68,,
2026-09-01T16:12:54.077862+00:00,2026-09-01T19:42:54.077862+03:30,TGJU,قیراط,صندوق طلای قیراط,,39710,,39139,571,1.46,,
2026-09-01T16:12:54.077862+00:00,2026-09-01T19:42:54.077862+03:30,TGJU,کهربا,صندوق طلای کهربا,,213018,,209684,3334,1.59,,
2026-09-01T16:12:54.077862+00:00,2026-09-01T19:42:54.077862+03:30,TGJU,گلدا,صندوق طلای گلدا,,19894,,19573,321,1.64,,
2026-09-01T16:12:54.077862+00:00,2026-09-01T19:42:54.077862+03:30,TGJU,گلدیس,صندوق طلای گلدیس,,43080,,42310,770,1.82,,
2026-09-01T16:12:54.077862+00:00,2026-09-01T19:42:54.077862+03:30,TGJU,گنج,صندوق طلای گنج,,190899,,187468,3431,1.83,,
2026-09-01T16:12:54.077862+00:00,2026-09-01T19:42:54.077862+03:30,TGJU,گوهر,صندوق طلای گوهر,,1054310,,1036584,17726,1.71,,
2026-09-01T16:12:54.077862+00:00,2026-09-01T19:42:54.077862+03:30,TGJU,لوتوس,صندوق طلای لوتوس,,1571999,,1546786,25213,1.63,,
2026-09-01T16:12:54.077862+00:00,2026-09-01T19:42:54.077862+03:30,TGJU,لیان,صندوق طلای لیان,,40599,,39968,631,1.58,,
2026-09-01T16:12:54.077862+00:00,2026-09-01T19:42:54.077862+03:30,TGJU,مثقال,صندوق طلای مثقال,,177991,,174689,3302,1.89,,
2026-09-01T16:12:54.077862+00:00,2026-09-01T19:42:54.077862+03:30,TGJU,ناب,صندوق طلای ناب,,75120,,74134,986,1.33,,
2026-09-01T16:12:54.077862+00:00,2026-09-01T19:42:54.077862+03:30,TGJU,نفیس,صندوق طلای نفیس,,128460,,126599,1861,1.47,,
2026-09-01T16:12:54.077862+00:00,2026-09-01T19:42:54.077862+03:30,TGJU,نگین فارس,صندوق طلای نگین فارس,,16817,,16596,221,1.33,,
2026-09-01T16:12:54.077862+00:00,2026-09-01T19:42:54.077862+03:30,TGJU,همیان,صندوق طلای همیان,,19385,,19127,258,1.35,,
2026-09-01T16:12:54.077862+00:00,2026-09-01T19:42:54.077862+03:30,TGJU,میراث,صندوق طلای میراث,,13167,,12892,275,2.13,,
2026-09-01T16:12:54.077862+00:00,2026-09-01T19:42:54.077862+03:30,TGJU,نهال,صندوق طلای نهال,,69989,,68563,1426,2.08,,
2026-09-01T16:12:54.077862+00:00,2026-09-01T19:42:54.077862+03:30,TGJU,سافرون,صندوق طلای سافرون,,71900,,70435,1465,2.08,,
2026-09-02T07:40:35.168163+00:00,2026-09-02T11:10:35.168163+03:30,TGJU,آتش,صندوق طلای آتش,,39231,,39231,0,0,,
2026-09-02T07:40:35.168163+00:00,2026-09-02T11:10:35.168163+03:30,TGJU,آلتون,صندوق طلای آلتون,,70152,,70152,0,0,,
2026-09-02T07:40:35.168163+00:00,2026-09-02T11:10:35.168163+03:30,TGJU,امرالد,صندوق طلای امرالد,,29706,,29706,0,0,,
2026-09-02T07:40:35.168163+00:00,2026-09-02T11:10:35.168163+03:30,TGJU,تابش,صندوق طلای تابش,,87990,,87990,0,0,,
2026-09-02T07:40:35.168163+00:00,2026-09-02T11:10:35.168163+03:30,TGJU,جام طلا,صندوق طلای جام طلا,,19746,,19746,0,0,,
2026-09-02T07:40:35.168163+00:00,2026-09-02T11:10:35.168163+03:30,TGJU,جواهر,صندوق طلای جواهر,,82357,,82357,0,0,,
2026-09-02T07:40:35.168163+00:00,2026-09-02T11:10:35.168163+03:30,TGJU,درخشان,صندوق طلای درخشان,,39820,,39820,0,0,,
2026-09-02T07:40:35.168163+00:00,2026-09-02T11:10:35.168163+03:30,TGJU,درنا,صندوق طلای درنا,,25024,,25024,0,0,,
2026-09-02T07:40:35.168163+00:00,2026-09-02T11:10:35.168163+03:30,TGJU,رز ترنج,صندوق طلای رز ترنج,,27458,,27458,0,0,,
2026-09-02T07:40:35.168163+00:00,2026-09-02T11:10:35.168163+03:30,TGJU,رزگلد,صندوق طلای رزگلد,,20461,,20461,0,0,,
2026-09-02T07:40:35.168163+00:00,2026-09-02T11:10:35.168163+03:30,TGJU,ریتون,صندوق طلای ریتون,,21110,,21110,0,0,,
2026-09-02T07:40:35.168163+00:00,2026-09-02T11:10:35.168163+03:30,TGJU,زر,صندوق طلای زر,,943500,,943500,0,0,,
2026-09-02T07:40:35.168163+00:00,2026-09-02T11:10:35.168163+03:30,TGJU,زرفام,صندوق طلای زرفام,,161990,,161990,0,0,,
2026-09-02T07:40:35.168163+00:00,2026-09-02T11:10:35.168163+03:30,TGJU,زرگر,صندوق طلای زرگر,,22580,,22580,0,0,,
2026-09-02T07:40:35.168163+00:00,2026-09-02T11:10:35.168163+03:30,TGJU,زروان,صندوق طلای زروان,,44611,,44611,0,0,,
2026-09-02T07:40:35.168163+00:00,2026-09-02T11:10:35.168163+03:30,TGJU,زمرد,صندوق طلای زمرد,,30450,,30450,0,0,,
2026-09-02T07:40:35.168163+00:00,2026-09-02T11:10:35.168163+03:30,TGJU,عیار,صندوق طلای عیار,,623512,,623512,0,0,,
2026-09-02T07:40:35.168163+00:00,2026-09-02T11:10:35.168163+03:30,TGJU,قیراط,صندوق طلای قیراط,,39710,,39710,0,0,,
2026-09-02T07:40:35.168163+00:00,2026-09-02T11:10:35.168163+03:30,TGJU,کهربا,صندوق طلای کهربا,,213018,,213018,0,0,,
2026-09-02T07:40:35.168163+00:00,2026-09-02T11:10:35.168163+03:30,TGJU,گلدا,صندوق طلای گلدا,,19894,,19894,0,0,,
2026-09-02T07:40:35.168163+00:00,2026-09-02T11:10:35.168163+03:30,TGJU,گلدیس,صندوق طلای گلدیس,,43080,,43080,0,0,,
2026-09-02T07:40:35.168163+00:00,2026-09-02T11:10:35.168163+03:30,TGJU,گنج,صندوق طلای گنج,,190899,,190899,0,0,,
2026-09-02T07:40:35.168163+00:00,2026-09-02T11:10:35.168163+03:30,TGJU,گوهر,صندوق طلای گوهر,,1054310,,1054310,0,0,,
2026-09-02T07:40:35.168163+00:00,2026-09-02T11:10:35.168163+03:30,TGJU,لوتوس,صندوق طلای لوتوس,,1571999,,1571999,0,0,,
2026-09-02T07:40:35.168163+00:00,2026-09-02T11:10:35.168163+03:30,TGJU,لیان,صندوق طلای لیان,,40599,,40599,0,0,,
2026-09-02T07:40:35.168163+00:00,2026-09-02T11:10:35.168163+03:30,TGJU,مثقال,صندوق طلای مثقال,,177991,,177991,0,0,,
2026-09-02T07:40:35.168163+00:00,2026-09-02T11:10:35.168163+03:30,TGJU,ناب,صندوق طلای ناب,,75120,,75120,0,0,,
2026-09-02T07:40:35.168163+00:00,2026-09-02T11:10:35.168163+03:30,TGJU,نفیس,صندوق طلای نفیس,,128460,,128460,0,0,,
2026-09-02T07:40:35.168163+00:00,2026-09-02T11:10:35.168163+03:30,TGJU,نگین فارس,صندوق طلای نگین فارس,,16817,,16817,0,0,,
2026-09-02T07:40:35.168163+00:00,2026-09-02T11:10:35.168163+03:30,TGJU,همیان,صندوق طلای همیان,,19385,,19385,0,0,,
2026-09-02T07:40:35.168163+00:00,2026-09-02T11:10:35.168163+03:30,TGJU,میراث,صندوق طلای میراث,,13167,,13167,0,0,,
2026-09-02T07:40:35.168163+00:00,2026-09-02T11:10:35.168163+03:30,TGJU,نهال,صندوق طلای نهال,,69989,,69989,0,0,,
2026-09-02T07:40:35.168163+00:00,2026-09-02T11:10:35.168163+03:30,TGJU,سافرون,صندوق طلای سافرون,,71900,,71900,0,0,,
2026-09-02T15:44:10.678391+00:00,2026-09-02T19:14:10.678391+03:30,TGJU,آتش,صندوق طلای آتش,,40002,,39229,773,1.97,,
2026-09-02T15:44:10.678391+00:00,2026-09-02T19:14:10.678391+03:30,TGJU,آلتون,صندوق طلای آلتون,,71475,,70149,1326,1.89,,
2026-09-02T15:44:10.678391+00:00,2026-09-02T19:14:10.678391+03:30,TGJU,امرالد,صندوق طلای امرالد,,30243,,29705,538,1.81,,
2026-09-02T15:44:10.678391+00:00,2026-09-02T19:14:10.678391+03:30,TGJU,تابش,صندوق طلای تابش,,90000,,87994,2006,2.28,,
2026-09-02T15:44:10.678391+00:00,2026-09-02T19:14:10.678391+03:30,TGJU,جام طلا,صندوق طلای جام طلا,,20222,,19746,476,2.41,,
2026-09-02T15:44:10.678391+00:00,2026-09-02T19:14:10.678391+03:30,TGJU,جواهر,صندوق طلای جواهر,,83340,,82360,980,1.19,,
2026-09-02T15:44:10.678391+00:00,2026-09-02T19:14:10.678391+03:30,TGJU,درخشان,صندوق طلای درخشان,,40700,,39820,880,2.21,,
2026-09-02T15:44:10.678391+00:00,2026-09-02T19:14:10.678391+03:30,TGJU,درنا,صندوق طلای درنا,,25552,,25024,528,2.11,,
2026-09-02T15:44:10.678391+00:00,2026-09-02T19:14:10.678391+03:30,TGJU,رز ترنج,صندوق طلای رز ترنج,,27980,,27458,522,1.9,,
2026-09-02T15:44:10.678391+00:00,2026-09-02T19:14:10.678391+03:30,TGJU,رزگلد,صندوق طلای رزگلد,,20785,,20462,323,1.58,,
2026-09-02T15:44:10.678391+00:00,2026-09-02T19:14:10.678391+03:30,TGJU,ریتون,صندوق طلای ریتون,,21501,,21110,391,1.85,,
2026-09-02T15:44:10.678391+00:00,2026-09-02T19:14:10.678391+03:30,TGJU,زر,صندوق طلای زر,,960090,,943485,16605,1.76,,
2026-09-02T15:44:10.678391+00:00,2026-09-02T19:14:10.678391+03:30,TGJU,زرفام,صندوق طلای زرفام,,164600,,161992,2608,1.61,,
2026-09-02T15:44:10.678391+00:00,2026-09-02T19:14:10.678391+03:30,TGJU,زرگر,صندوق طلای زرگر,,22915,,22581,334,1.48,,
2026-09-02T15:44:10.678391+00:00,2026-09-02T19:14:10.678391+03:30,TGJU,زروان,صندوق طلای زروان,,45600,,44610,990,2.22,,
2026-09-02T15:44:10.678391+00:00,2026-09-02T19:14:10.678391+03:30,TGJU,زمرد,صندوق طلای زمرد,,31040,,30449,591,1.94,,
2026-09-02T15:44:10.678391+00:00,2026-09-02T19:14:10.678391+03:30,TGJU,عیار,صندوق طلای عیار,,636540,,623509,13031,2.09,,
2026-09-02T15:44:10.678391+00:00,2026-09-02T19:14:10.678391+03:30,TGJU,قیراط,صندوق طلای قیراط,,40296,,39708,588,1.48,,
2026-09-02T15:44:10.678391+00:00,2026-09-02T19:14:10.678391+03:30,TGJU,کهربا,صندوق طلای کهربا,,216349,,213026,3323,1.56,,
2026-09-02T15:44:10.678391+00:00,2026-09-02T19:14:10.678391+03:30,TGJU,گلدا,صندوق طلای گلدا,,20214,,19894,320,1.61,,
2026-09-02T15:44:10.678391+00:00,2026-09-02T19:14:10.678391+03:30,TGJU,گلدیس,صندوق طلای گلدیس,,43977,,43081,896,2.08,,
2026-09-02T15:44:10.678391+00:00,2026-09-02T19:14:10.678391+03:30,TGJU,گنج,صندوق طلای گنج,,194100,,190893,3207,1.68,,
2026-09-02T15:44:10.678391+00:00,2026-09-02T19:14:10.678391+03:30,TGJU,گوهر,صندوق طلای گوهر,,1074995,,1054330,20665,1.96,,
2026-09-02T15:44:10.678391+00:00,2026-09-02T19:14:10.678391+03:30,TGJU,لوتوس,صندوق طلای لوتوس,,1600000,,1572018,27982,1.78,,
2026-09-02T15:44:10.678391+00:00,2026-09-02T19:14:10.678391+03:30,TGJU,لیان,صندوق طلای لیان,,41366,,40599,767,1.89,,
2026-09-02T15:44:10.678391+00:00,2026-09-02T19:14:10.678391+03:30,TGJU,مثقال,صندوق طلای مثقال,,182001,,177996,4005,2.25,,
2026-09-02T15:44:10.678391+00:00,2026-09-02T19:14:10.678391+03:30,TGJU,ناب,صندوق طلای ناب,,76118,,75119,999,1.33,,
2026-09-02T15:44:10.678391+00:00,2026-09-02T19:14:10.678391+03:30,TGJU,نفیس,صندوق طلای نفیس,,130546,,128465,2081,1.62,,
2026-09-02T15:44:10.678391+00:00,2026-09-02T19:14:10.678391+03:30,TGJU,نگین فارس,صندوق طلای نگین فارس,,17130,,16817,313,1.86,,
2026-09-02T15:44:10.678391+00:00,2026-09-02T19:14:10.678391+03:30,TGJU,همیان,صندوق طلای همیان,,19728,,19385,343,1.77,,
2026-09-02T15:44:10.678391+00:00,2026-09-02T19:14:10.678391+03:30,TGJU,میراث,صندوق طلای میراث,,13425,,13167,258,1.96,,
2026-09-02T15:44:10.678391+00:00,2026-09-02T19:14:10.678391+03:30,TGJU,نهال,صندوق طلای نهال,,70402,,69989,413,0.59,,
2026-09-02T15:44:10.678391+00:00,2026-09-02T19:14:10.678391+03:30,TGJU,سافرون,صندوق طلای سافرون,,72551,,71897,654,0.91,,
2026-09-03T07:41:13.559972+00:00,2026-09-03T11:11:13.559972+03:30,TGJU,آتش,صندوق طلای آتش,,40002,,40002,0,0,,
2026-09-03T07:41:13.559972+00:00,2026-09-03T11:11:13.559972+03:30,TGJU,آلتون,صندوق طلای آلتون,,71475,,71475,0,0,,
2026-09-03T07:41:13.559972+00:00,2026-09-03T11:11:13.559972+03:30,TGJU,امرالد,صندوق طلای امرالد,,30243,,30243,0,0,,
2026-09-03T07:41:13.559972+00:00,2026-09-03T11:11:13.559972+03:30,TGJU,تابش,صندوق طلای تابش,,90000,,90000,0,0,,
2026-09-03T07:41:13.559972+00:00,2026-09-03T11:11:13.559972+03:30,TGJU,جام طلا,صندوق طلای جام طلا,,20222,,20222,0,0,,
2026-09-03T07:41:13.559972+00:00,2026-09-03T11:11:13.559972+03:30,TGJU,جواهر,صندوق طلای جواهر,,83340,,83340,0,0,,
2026-09-03T07:41:13.559972+00:00,2026-09-03T11:11:13.559972+03:30,TGJU,درخشان,صندوق طلای درخشان,,40700,,40700,0,0,,
2026-09-03T07:41:13.559972+00:00,2026-09-03T11:11:13.559972+03:30,TGJU,درنا,صندوق طلای درنا,,25552,,25552,0,0,,
2026-09-03T07:41:13.559972+00:00,2026-09-03T11:11:13.559972+03:30,TGJU,رز ترنج,صندوق طلای رز ترنج,,27980,,27980,0,0,,
2026-09-03T07:41:13.559972+00:00,2026-09-03T11:11:13.559972+03:30,TGJU,رزگلد,صندوق طلای رزگلد,,20785,,20785,0,0,,
2026-09-03T07:41:13.559972+00:00,2026-09-03T11:11:13.559972+03:30,TGJU,ریتون,صندوق طلای ریتون,,21501,,21501,0,0,,
2026-09-03T07:41:13.559972+00:00,2026-09-03T11:11:13.559972+03:30,TGJU,زر,صندوق طلای زر,,960090,,960090,0,0,,
2026-09-03T07:41:13.559972+00:00,2026-09-03T11:11:13.559972+03:30,TGJU,زرفام,صندوق طلای زرفام,,164600,,164600,0,0,,
2026-09-03T07:41:13.559972+00:00,2026-09-03T11:11:13.559972+03:30,TGJU,زرگر,صندوق طلای زرگر,,22915,,22915,0,0,,
2026-09-03T07:41:13.559972+00:00,2026-09-03T11:11:13.559972+03:30,TGJU,زروان,صندوق طلای زروان,,45600,,45600,0,0,,
2026-09-03T07:41:13.559972+00:00,2026-09-03T11:11:13.559972+03:30,TGJU,زمرد,صندوق طلای زمرد,,31040,,31040,0,0,,
2026-09-03T07:41:13.559972+00:00,2026-09-03T11:11:13.559972+03:30,TGJU,عیار,صندوق طلای عیار,,636540,,636540,0,0,,
2026-09-03T07:41:13.559972+00:00,2026-09-03T11:11:13.559972+03:30,TGJU,قیراط,صندوق طلای قیراط,,40296,,40296,0,0,,
2026-09-03T07:41:13.559972+00:00,2026-09-03T11:11:13.559972+03:30,TGJU,کهربا,صندوق طلای کهربا,,216349,,216349,0,0,,
2026-09-03T07:41:13.559972+00:00,2026-09-03T11:11:13.559972+03:30,TGJU,گلدا,صندوق طلای گلدا,,20214,,20214,0,0,,
2026-09-03T07:41:13.559972+00:00,2026-09-03T11:11:13.559972+03:30,TGJU,گلدیس,صندوق طلای گلدیس,,43977,,43977,0,0,,
2026-09-03T07:41:13.559972+00:00,2026-09-03T11:11:13.559972+03:30,TGJU,گنج,صندوق طلای گنج,,194100,,194100,0,0,,
2026-09-03T07:41:13.559972+00:00,2026-09-03T11:11:13.559972+03:30,TGJU,گوهر,صندوق طلای گوهر,,1074995,,1074995,0,0,,
2026-09-03T07:41:13.559972+00:00,2026-09-03T11:11:13.559972+03:30,TGJU,لوتوس,صندوق طلای لوتوس,,1600000,,1600000,0,0,,
2026-09-03T07:41:13.559972+00:00,2026-09-03T11:11:13.559972+03:30,TGJU,لیان,صندوق طلای لیان,,41366,,41366,0,0,,
2026-09-03T07:41:13.559972+00:00,2026-09-03T11:11:13.559972+03:30,TGJU,مثقال,صندوق طلای مثقال,,182001,,182001,0,0,,
2026-09-03T07:41:13.559972+00:00,2026-09-03T11:11:13.559972+03:30,TGJU,ناب,صندوق طلای ناب,,76118,,76118,0,0,,
2026-09-03T07:41:13.559972+00:00,2026-09-03T11:11:13.559972+03:30,TGJU,نفیس,صندوق طلای نفیس,,130546,,130546,0,0,,
2026-09-03T07:41:13.559972+00:00,2026-09-03T11:11:13.559972+03:30,TGJU,نگین فارس,صندوق طلای نگین فارس,,17130,,17130,0,0,,
2026-09-03T07:41:13.559972+00:00,2026-09-03T11:11:13.559972+03:30,TGJU,همیان,صندوق طلای همیان,,19728,,19728,0,0,,
2026-09-03T07:41:13.559972+00:00,2026-09-03T11:11:13.559972+03:30,TGJU,میراث,صندوق طلای میراث,,13425,,13425,0,0,,
2026-09-03T07:41:13.559972+00:00,2026-09-03T11:11:13.559972+03:30,TGJU,نهال,صندوق طلای نهال,,70402,,70402,0,0,,
2026-09-03T07:41:13.559972+00:00,2026-09-03T11:11:13.559972+03:30,TGJU,سافرون,صندوق طلای سافرون,,72551,,72551,0,0,,
2026-09-03T11:40:53.638921+00:00,2026-09-03T15:10:53.638921+03:30,TGJU,آتش,صندوق طلای آتش,,40002,,40002,0,0,,
2026-09-03T11:40:53.638921+00:00,2026-09-03T15:10:53.638921+03:30,TGJU,آلتون,صندوق طلای آلتون,,71475,,71475,0,0,,
2026-09-03T11:40:53.638921+00:00,2026-09-03T15:10:53.638921+03:30,TGJU,امرالد,صندوق طلای امرالد,,30243,,30243,0,0,,
2026-09-03T11:40:53.638921+00:00,2026-09-03T15:10:53.638921+03:30,TGJU,تابش,صندوق طلای تابش,,90000,,90000,0,0,,
2026-09-03T11:40:53.638921+00:00,2026-09-03T15:10:53.638921+03:30,TGJU,جام طلا,صندوق طلای جام طلا,,20222,,20222,0,0,,
2026-09-03T11:40:53.638921+00:00,2026-09-03T15:10:53.638921+03:30,TGJU,جواهر,صندوق طلای جواهر,,83340,,83340,0,0,,
2026-09-03T11:40:53.638921+00:00,2026-09-03T15:10:53.638921+03:30,TGJU,درخشان,صندوق طلای درخشان,,40700,,40700,0,0,,
2026-09-03T11:40:53.638921+00:00,2026-09-03T15:10:53.638921+03:30,TGJU,درنا,صندوق طلای درنا,,25552,,25552,0,0,,
2026-09-03T11:40:53.638921+00:00,2026-09-03T15:10:53.638921+03:30,TGJU,رز ترنج,صندوق طلای رز ترنج,,27980,,27980,0,0,,
2026-09-03T11:40:53.638921+00:00,2026-09-03T15:10:53.638921+03:30,TGJU,رزگلد,صندوق طلای رزگلد,,20785,,20785,0,0,,
2026-09-03T11:40:53.638921+00:00,2026-09-03T15:10:53.638921+03:30,TGJU,ریتون,صندوق طلای ریتون,,21501,,21501,0,0,,
2026-09-03T11:40:53.638921+00:00,2026-09-03T15:10:53.638921+03:30,TGJU,زر,صندوق طلای زر,,960090,,960090,0,0,,
2026-09-03T11:40:53.638921+00:00,2026-09-03T15:10:53.638921+03:30,TGJU,زرفام,صندوق طلای زرفام,,164600,,164600,0,0,,
2026-09-03T11:40:53.638921+00:00,2026-09-03T15:10:53.638921+03:30,TGJU,زرگر,صندوق طلای زرگر,,22915,,22915,0,0,,
2026-09-03T11:40:53.638921+00:00,2026-09-03T15:10:53.638921+03:30,TGJU,زروان,صندوق طلای زروان,,45600,,45600,0,0,,
2026-09-03T11:40:53.638921+00:00,2026-09-03T15:10:53.638921+03:30,TGJU,زمرد,صندوق طلای زمرد,,31040,,31040,0,0,,
2026-09-03T11:40:53.638921+00:00,2026-09-03T15:10:53.638921+03:30,TGJU,عیار,صندوق طلای عیار,,636540,,636540,0,0,,
2026-09-03T11:40:53.638921+00:00,2026-09-03T15:10:53.638921+03:30,TGJU,قیراط,صندوق طلای قیراط,,40296,,40296,0,0,,
2026-09-03T11:40:53.638921+00:00,2026-09-03T15:10:53.638921+03:30,TGJU,کهربا,صندوق طلای کهربا,,216349,,216349,0,0,,
2026-09-03T11:40:53.638921+00:00,2026-09-03T15:10:53.638921+03:30,TGJU,گلدا,صندوق طلای گلدا,,20214,,20214,0,0,,
2026-09-03T11:40:53.638921+00:00,2026-09-03T15:10:53.638921+03:30,TGJU,گلدیس,صندوق طلای گلدیس,,43977,,43977,0,0,,
2026-09-03T11:40:53.638921+00:00,2026-09-03T15:10:53.638921+03:30,TGJU,گنج,صندوق طلای گنج,,194100,,194100,0,0,,
2026-09-03T11:40:53.638921+00:00,2026-09-03T15:10:53.638921+03:30,TGJU,گوهر,صندوق طلای گوهر,,1074995,,1074995,0,0,,
2026-09-03T11:40:53.638921+00:00,2026-09-03T15:10:53.638921+03:30,TGJU,لوتوس,صندوق طلای لوتوس,,1600000,,1600000,0,0,,
2026-09-03T11:40:53.638921+00:00,2026-09-03T15:10:53.638921+03:30,TGJU,لیان,صندوق طلای لیان,,41366,,41366,0,0,,
2026-09-03T11:40:53.638921+00:00,2026-09-03T15:10:53.638921+03:30,TGJU,مثقال,صندوق طلای مثقال,,182001,,182001,0,0,,
2026-09-03T11:40:53.638921+00:00,2026-09-03T15:10:53.638921+03:30,TGJU,ناب,صندوق طلای ناب,,76118,,76118,0,0,,
2026-09-03T11:40:53.638921+00:00,2026-09-03T15:10:53.638921+03:30,TGJU,نفیس,صندوق طلای نفیس,,130546,,130546,0,0,,
2026-09-03T11:40:53.638921+00:00,2026-09-03T15:10:53.638921+03:30,TGJU,نگین فارس,صندوق طلای نگین فارس,,17130,,17130,0,0,,
2026-09-03T11:40:53.638921+00:00,2026-09-03T15:10:53.638921+03:30,TGJU,همیان,صندوق طلای همیان,,19728,,19728,0,0,,
2026-09-03T11:40:53.638921+00:00,2026-09-03T15:10:53.638921+03:30,TGJU,میراث,صندوق طلای میراث,,13425,,13425,0,0,,
2026-09-03T11:40:53.638921+00:00,2026-09-03T15:10:53.638921+03:30,TGJU,نهال,صندوق طلای نهال,,70402,,70402,0,0,,
2026-09-03T11:40:53.638921+00:00,2026-09-03T15:10:53.638921+03:30,TGJU,سافرون,صندوق طلای سافرون,,72551,,72551,0,0,,
2026-09-03T15:41:11.238025+00:00,2026-09-03T19:11:11.238025+03:30,TGJU,آتش,صندوق طلای آتش,,40002,,40002,0,0,,
2026-09-03T15:41:11.238025+00:00,2026-09-03T19:11:11.238025+03:30,TGJU,آلتون,صندوق طلای آلتون,,71475,,71475,0,0,,
2026-09-03T15:41:11.238025+00:00,2026-09-03T19:11:11.238025+03:30,TGJU,امرالد,صندوق طلای امرالد,,30243,,30243,0,0,,
2026-09-03T15:41:11.238025+00:00,2026-09-03T19:11:11.238025+03:30,TGJU,تابش,صندوق طلای تابش,,90000,,90000,0,0,,
2026-09-03T15:41:11.238025+00:00,2026-09-03T19:11:11.238025+03:30,TGJU,جام طلا,صندوق طلای جام طلا,,20222,,20222,0,0,,
2026-09-03T15:41:11.238025+00:00,2026-09-03T19:11:11.238025+03:30,TGJU,جواهر,صندوق طلای جواهر,,83340,,83340,0,0,,
2026-09-03T15:41:11.238025+00:00,2026-09-03T19:11:11.238025+03:30,TGJU,درخشان,صندوق طلای درخشان,,40700,,40700,0,0,,
2026-09-03T15:41:11.238025+00:00,2026-09-03T19:11:11.238025+03:30,TGJU,درنا,صندوق طلای درنا,,25552,,25552,0,0,,
2026-09-03T15:41:11.238025+00:00,2026-09-03T19:11:11.238025+03:30,TGJU,رز ترنج,صندوق طلای رز ترنج,,27980,,27980,0,0,,
2026-09-03T15:41:11.238025+00:00,2026-09-03T19:11:11.238025+03:30,TGJU,رزگلد,صندوق طلای رزگلد,,20785,,20785,0,0,,
2026-09-03T15:41:11.238025+00:00,2026-09-03T19:11:11.238025+03:30,TGJU,ریتون,صندوق طلای ریتون,,21501,,21501,0,0,,
2026-09-03T15:41:11.238025+00:00,2026-09-03T19:11:11.238025+03:30,TGJU,زر,صندوق طلای زر,,960090,,960090,0,0,,
2026-09-03T15:41:11.238025+00:00,2026-09-03T19:11:11.238025+03:30,TGJU,زرفام,صندوق طلای زرفام,,164600,,164600,0,0,,
2026-09-03T15:41:11.238025+00:00,2026-09-03T19:11:11.238025+03:30,TGJU,زرگر,صندوق طلای زرگر,,22915,,22915,0,0,,
2026-09-03T15:41:11.238025+00:00,2026-09-03T19:11:11.238025+03:30,TGJU,زروان,صندوق طلای زروان,,45600,,45600,0,0,,
2026-09-03T15:41:11.238025+00:00,2026-09-03T19:11:11.238025+03:30,TGJU,زمرد,صندوق طلای زمرد,,31040,,31040,0,0,,
2026-09-03T15:41:11.238025+00:00,2026-09-03T19:11:11.238025+03:30,TGJU,عیار,صندوق طلای عیار,,636540,,636540,0,0,,
2026-09-03T15:41:11.238025+00:00,2026-09-03T19:11:11.238025+03:30,TGJU,قیراط,صندوق طلای قیراط,,40296,,40296,0,0,,
2026-09-03T15:41:11.238025+00:00,2026-09-03T19:11:11.238025+03:30,TGJU,کهربا,صندوق طلای کهربا,,216349,,216349,0,0,,
2026-09-03T15:41:11.238025+00:00,2026-09-03T19:11:11.238025+03:30,TGJU,گلدا,صندوق طلای گلدا,,20214,,20214,0,0,,
2026-09-03T15:41:11.238025+00:00,2026-09-03T19:11:11.238025+03:30,TGJU,گلدیس,صندوق طلای گلدیس,,43977,,43977,0,0,,
2026-09-03T15:41:11.238025+00:00,2026-09-03T19:11:11.238025+03:30,TGJU,گنج,صندوق طلای گنج,,194100,,194100,0,0,,
2026-09-03T15:41:11.238025+00:00,2026-09-03T19:11:11.238025+03:30,TGJU,گوهر,صندوق طلای گوهر,,1074995,,1074995,0,0,,
2026-09-03T15:41:11.238025+00:00,2026-09-03T19:11:11.238025+03:30,TGJU,لوتوس,صندوق طلای لوتوس,,1600000,,1600000,0,0,,
2026-09-03T15:41:11.238025+00:00,2026-09-03T19:11:11.238025+03:30,TGJU,لیان,صندوق طلای لیان,,41366,,41366,0,0,,
2026-09-03T15:41:11.238025+00:00,2026-09-03T19:11:11.238025+03:30,TGJU,مثقال,صندوق طلای مثقال,,182001,,182001,0,0,,
2026-09-03T15:41:11.238025+00:00,2026-09-03T19:11:11.238025+03:30,TGJU,ناب,صندوق طلای ناب,,76118,,76118,0,0,,
2026-09-03T15:41:11.238025+00:00,2026-09-03T19:11:11.238025+03:30,TGJU,نفیس,صندوق طلای نفیس,,130546,,130546,0,0,,
2026-09-03T15:41:11.238025+00:00,2026-09-03T19:11:11.238025+03:30,TGJU,نگین فارس,صندوق طلای نگین فارس,,17130,,17130,0,0,,
2026-09-03T15:41:11.238025+00:00,2026-09-03T19:11:11.238025+03:30,TGJU,همیان,صندوق طلای همیان,,19728,,19728,0,0,,
2026-09-03T15:41:11.238025+00:00,2026-09-03T19:11:11.238025+03:30,TGJU,میراث,صندوق طلای میراث,,13425,,13425,0,0,,
2026-09-03T15:41:11.238025+00:00,2026-09-03T19:11:11.238025+03:30,TGJU,نهال,صندوق طلای نهال,,70402,,70402,0,0,,
2026-09-03T15:41:11.238025+00:00,2026-09-03T19:11:11.238025+03:30,TGJU,سافرون,صندوق طلای سافرون,,72551,,72551,0,0,,
2026-09-04T07:41:32.252885+00:00,2026-09-04T11:11:32.252885+03:30,TGJU,آتش,صندوق طلای آتش,,40002,,40002,0,0,,
2026-09-04T07:41:32.252885+00:00,2026-09-04T11:11:32.252885+03:30,TGJU,آلتون,صندوق طلای آلتون,,71475,,71475,0,0,,
2026-09-04T07:41:32.252885+00:00,2026-09-04T11:11:32.252885+03:30,TGJU,امرالد,صندوق طلای امرالد,,30243,,30243,0,0,,
2026-09-04T07:41:32.252885+00:00,2026-09-04T11:11:32.252885+03:30,TGJU,تابش,صندوق طلای تابش,,90000,,90000,0,0,,
2026-09-04T07:41:32.252885+00:00,2026-09-04T11:11:32.252885+03:30,TGJU,جام طلا,صندوق طلای جام طلا,,20222,,20222,0,0,,
2026-09-04T07:41:32.252885+00:00,2026-09-04T11:11:32.252885+03:30,TGJU,جواهر,صندوق طلای جواهر,,83340,,83340,0,0,,
2026-09-04T07:41:32.252885+00:00,2026-09-04T11:11:32.252885+03:30,TGJU,درخشان,صندوق طلای درخشان,,40700,,40700,0,0,,
2026-09-04T07:41:32.252885+00:00,2026-09-04T11:11:32.252885+03:30,TGJU,درنا,صندوق طلای درنا,,25552,,25552,0,0,,
2026-09-04T07:41:32.252885+00:00,2026-09-04T11:11:32.252885+03:30,TGJU,رز ترنج,صندوق طلای رز ترنج,,27980,,27980,0,0,,
2026-09-04T07:41:32.252885+00:00,2026-09-04T11:11:32.252885+03:30,TGJU,رزگلد,صندوق طلای رزگلد,,20785,,20785,0,0,,
2026-09-04T07:41:32.252885+00:00,2026-09-04T11:11:32.252885+03:30,TGJU,ریتون,صندوق طلای ریتون,,21501,,21501,0,0,,
2026-09-04T07:41:32.252885+00:00,2026-09-04T11:11:32.252885+03:30,TGJU,زر,صندوق طلای زر,,960090,,960090,0,0,,
2026-09-04T07:41:32.252885+00:00,2026-09-04T11:11:32.252885+03:30,TGJU,زرفام,صندوق طلای زرفام,,164600,,164600,0,0,,
2026-09-04T07:41:32.252885+00:00,2026-09-04T11:11:32.252885+03:30,TGJU,زرگر,صندوق طلای زرگر,,22915,,22915,0,0,,
2026-09-04T07:41:32.252885+00:00,2026-09-04T11:11:32.252885+03:30,TGJU,زروان,صندوق طلای زروان,,45600,,45600,0,0,,
2026-09-04T07:41:32.252885+00:00,2026-09-04T11:11:32.252885+03:30,TGJU,زمرد,صندوق طلای زمرد,,31040,,31040,0,0,,
2026-09-04T07:41:32.252885+00:00,2026-09-04T11:11:32.252885+03:30,TGJU,عیار,صندوق طلای عیار,,636540,,636540,0,0,,
2026-09-04T07:41:32.252885+00:00,2026-09-04T11:11:32.252885+03:30,TGJU,قیراط,صندوق طلای قیراط,,40296,,40296,0,0,,
2026-09-04T07:41:32.252885+00:00,2026-09-04T11:11:32.252885+03:30,TGJU,کهربا,صندوق طلای کهربا,,216349,,216349,0,0,,
2026-09-04T07:41:32.252885+00:00,2026-09-04T11:11:32.252885+03:30,TGJU,گلدا,صندوق طلای گلدا,,20214,,20214,0,0,,
2026-09-04T07:41:32.252885+00:00,2026-09-04T11:11:32.252885+03:30,TGJU,گلدیس,صندوق طلای گلدیس,,43977,,43977,0,0,,
2026-09-04T07:41:32.252885+00:00,2026-09-04T11:11:32.252885+03:30,TGJU,گنج,صندوق طلای گنج,,194100,,194100,0,0,,
2026-09-04T07:41:32.252885+00:00,2026-09-04T11:11:32.252885+03:30,TGJU,گوهر,صندوق طلای گوهر,,1074995,,1074995,0,0,,
2026-09-04T07:41:32.252885+00:00,2026-09-04T11:11:32.252885+03:30,TGJU,لوتوس,صندوق طلای لوتوس,,1600000,,1600000,0,0,,
2026-09-04T07:41:32.252885+00:00,2026-09-04T11:11:32.252885+03:30,TGJU,لیان,صندوق طلای لیان,,41366,,41366,0,0,,
2026-09-04T07:41:32.252885+00:00,2026-09-04T11:11:32.252885+03:30,TGJU,مثقال,صندوق طلای مثقال,,182001,,182001,0,0,,
2026-09-04T07:41:32.252885+00:00,2026-09-04T11:11:32.252885+03:30,TGJU,ناب,صندوق طلای ناب,,76118,,76118,0,0,,
2026-09-04T07:41:32.252885+00:00,2026-09-04T11:11:32.252885+03:30,TGJU,نفیس,صندوق طلای نفیس,,130546,,130546,0,0,,
2026-09-04T07:41:32.252885+00:00,2026-09-04T11:11:32.252885+03:30,TGJU,نگین فارس,صندوق طلای نگین فارس,,17130,,17130,0,0,,
2026-09-04T07:41:32.252885+00:00,2026-09-04T11:11:32.252885+03:30,TGJU,همیان,صندوق طلای همیان,,19728,,19728,0,0,,
2026-09-04T07:41:32.252885+00:00,2026-09-04T11:11:32.252885+03:30,TGJU,میراث,صندوق طلای میراث,,13425,,13425,0,0,,
2026-09-04T07:41:32.252885+00:00,2026-09-04T11:11:32.252885+03:30,TGJU,نهال,صندوق طلای نهال,,70402,,70402,0,0,,
2026-09-04T07:41:32.252885+00:00,2026-09-04T11:11:32.252885+03:30,TGJU,سافرون,صندوق طلای سافرون,,72551,,72551,0,0,,
2026-09-04T11:41:23.434463+00:00,2026-09-04T15:11:23.434463+03:30,TGJU,آتش,صندوق طلای آتش,,40002,,40002,0,0,,
2026-09-04T11:41:23.434463+00:00,2026-09-04T15:11:23.434463+03:30,TGJU,آلتون,صندوق طلای آلتون,,71475,,71475,0,0,,
2026-09-04T11:41:23.434463+00:00,2026-09-04T15:11:23.434463+03:30,TGJU,امرالد,صندوق طلای امرالد,,30243,,30243,0,0,,
2026-09-04T11:41:23.434463+00:00,2026-09-04T15:11:23.434463+03:30,TGJU,تابش,صندوق طلای تابش,,90000,,90000,0,0,,
2026-09-04T11:41:23.434463+00:00,2026-09-04T15:11:23.434463+03:30,TGJU,جام طلا,صندوق طلای جام طلا,,20222,,20222,0,0,,
2026-09-04T11:41:23.434463+00:00,2026-09-04T15:11:23.434463+03:30,TGJU,جواهر,صندوق طلای جواهر,,83340,,83340,0,0,,
2026-09-04T11:41:23.434463+00:00,2026-09-04T15:11:23.434463+03:30,TGJU,درخشان,صندوق طلای درخشان,,40700,,40700,0,0,,
2026-09-04T11:41:23.434463+00:00,2026-09-04T15:11:23.434463+03:30,TGJU,درنا,صندوق طلای درنا,,25552,,25552,0,0,,
2026-09-04T11:41:23.434463+00:00,2026-09-04T15:11:23.434463+03:30,TGJU,رز ترنج,صندوق طلای رز ترنج,,27980,,27980,0,0,,
2026-09-04T11:41:23.434463+00:00,2026-09-04T15:11:23.434463+03:30,TGJU,رزگلد,صندوق طلای رزگلد,,20785,,20785,0,0,,
2026-09-04T11:41:23.434463+00:00,2026-09-04T15:11:23.434463+03:30,TGJU,ریتون,صندوق طلای ریتون,,21501,,21501,0,0,,
2026-09-04T11:41:23.434463+00:00,2026-09-04T15:11:23.434463+03:30,TGJU,زر,صندوق طلای زر,,960090,,960090,0,0,,
2026-09-04T11:41:23.434463+00:00,2026-09-04T15:11:23.434463+03:30,TGJU,زرفام,صندوق طلای زرفام,,164600,,164600,0,0,,
2026-09-04T11:41:23.434463+00:00,2026-09-04T15:11:23.434463+03:30,TGJU,زرگر,صندوق طلای زرگر,,22915,,22915,0,0,,
2026-09-04T11:41:23.434463+00:00,2026-09-04T15:11:23.434463+03:30,TGJU,زروان,صندوق طلای زروان,,45600,,45600,0,0,,
2026-09-04T11:41:23.434463+00:00,2026-09-04T15:11:23.434463+03:30,TGJU,زمرد,صندوق طلای زمرد,,31040,,31040,0,0,,
2026-09-04T11:41:23.434463+00:00,2026-09-04T15:11:23.434463+03:30,TGJU,عیار,صندوق طلای عیار,,636540,,636540,0,0,,
2026-09-04T11:41:23.434463+00:00,2026-09-04T15:11:23.434463+03:30,TGJU,قیراط,صندوق طلای قیراط,,40296,,40296,0,0,,
2026-09-04T11:41:23.434463+00:00,2026-09-04T15:11:23.434463+03:30,TGJU,کهربا,صندوق طلای کهربا,,216349,,216349,0,0,,
2026-09-04T11:41:23.434463+00:00,2026-09-04T15:11:23.434463+03:30,TGJU,گلدا,صندوق طلای گلدا,,20214,,20214,0,0,,
2026-09-04T11:41:23.434463+00:00,2026-09-04T15:11:23.434463+03:30,TGJU,گلدیس,صندوق طلای گلدیس,,43977,,43977,0,0,,
2026-09-04T11:41:23.434463+00:00,2026-09-04T15:11:23.434463+03:30,TGJU,گنج,صندوق طلای گنج,,194100,,194100,0,0,,
2026-09-04T11:41:23.434463+00:00,2026-09-04T15:11:23.434463+03:30,TGJU,گوهر,صندوق طلای گوهر,,1074995,,1074995,0,0,,
2026-09-04T11:41:23.434463+00:00,2026-09-04T15:11:23.434463+03:30,TGJU,لوتوس,صندوق طلای لوتوس,,1600000,,1600000,0,0,,
2026-09-04T11:41:23.434463+00:00,2026-09-04T15:11:23.434463+03:30,TGJU,لیان,صندوق طلای لیان,,41366,,41366,0,0,,
2026-09-04T11:41:23.434463+00:00,2026-09-04T15:11:23.434463+03:30,TGJU,مثقال,صندوق طلای مثقال,,182001,,182001,0,0,,
2026-09-04T11:41:23.434463+00:00,2026-09-04T15:11:23.434463+03:30,TGJU,ناب,صندوق طلای ناب,,76118,,76118,0,0,,
2026-09-04T11:41:23.434463+00:00,2026-09-04T15:11:23.434463+03:30,TGJU,نفیس,صندوق طلای نفیس,,130546,,130546,0,0,,
2026-09-04T11:41:23.434463+00:00,2026-09-04T15:11:23.434463+03:30,TGJU,نگین فارس,صندوق طلای نگین فارس,,17130,,17130,0,0,,
2026-09-04T11:41:23.434463+00:00,2026-09-04T15:11:23.434463+03:30,TGJU,همیان,صندوق طلای همیان,,19728,,19728,0,0,,
2026-09-04T11:41:23.434463+00:00,2026-09-04T15:11:23.434463+03:30,TGJU,میراث,صندوق طلای میراث,,13425,,13425,0,0,,
2026-09-04T11:41:23.434463+00:00,2026-09-04T15:11:23.434463+03:30,TGJU,نهال,صندوق طلای نهال,,70402,,70402,0,0,,
2026-09-04T11:41:23.434463+00:00,2026-09-04T15:11:23.434463+03:30,TGJU,سافرون,صندوق طلای سافرون,,72551,,72551,0,0,,
2026-09-04T15:40:58.689600+00:00,2026-09-04T19:10:58.689600+03:30,TGJU,آتش,صندوق طلای آتش,,40002,,40002,0,0,,
2026-09-04T15:40:58.689600+00:00,2026-09-04T19:10:58.689600+03:30,TGJU,آلتون,صندوق طلای آلتون,,71475,,71475,0,0,,
2026-09-04T15:40:58.689600+00:00,2026-09-04T19:10:58.689600+03:30,TGJU,امرالد,صندوق طلای امرالد,,30243,,30243,0,0,,
2026-09-04T15:40:58.689600+00:00,2026-09-04T19:10:58.689600+03:30,TGJU,تابش,صندوق طلای تابش,,90000,,90000,0,0,,
2026-09-04T15:40:58.689600+00:00,2026-09-04T19:10:58.689600+03:30,TGJU,جام طلا,صندوق طلای جام طلا,,20222,,20222,0,0,,
2026-09-04T15:40:58.689600+00:00,2026-09-04T19:10:58.689600+03:30,TGJU,جواهر,صندوق طلای جواهر,,83340,,83340,0,0,,
2026-09-04T15:40:58.689600+00:00,2026-09-04T19:10:58.689600+03:30,TGJU,درخشان,صندوق طلای درخشان,,40700,,40700,0,0,,
2026-09-04T15:40:58.689600+00:00,2026-09-04T19:10:58.689600+03:30,TGJU,درنا,صندوق طلای درنا,,25552,,25552,0,0,,
2026-09-04T15:40:58.689600+00:00,2026-09-04T19:10:58.689600+03:30,TGJU,رز ترنج,صندوق طلای رز ترنج,,27980,,27980,0,0,,
2026-09-04T15:40:58.689600+00:00,2026-09-04T19:10:58.689600+03:30,TGJU,رزگلد,صندوق طلای رزگلد,,20785,,20785,0,0,,
2026-09-04T15:40:58.689600+00:00,2026-09-04T19:10:58.689600+03:30,TGJU,ریتون,صندوق طلای ریتون,,21501,,21501,0,0,,
2026-09-04T15:40:58.689600+00:00,2026-09-04T19:10:58.689600+03:30,TGJU,زر,صندوق طلای زر,,960090,,960090,0,0,,
2026-09-04T15:40:58.689600+00:00,2026-09-04T19:10:58.689600+03:30,TGJU,زرفام,صندوق طلای زرفام,,164600,,164600,0,0,,
2026-09-04T15:40:58.689600+00:00,2026-09-04T19:10:58.689600+03:30,TGJU,زرگر,صندوق طلای زرگر,,22915,,22915,0,0,,
2026-09-04T15:40:58.689600+00:00,2026-09-04T19:10:58.689600+03:30,TGJU,زروان,صندوق طلای زروان,,45600,,45600,0,0,,
2026-09-04T15:40:58.689600+00:00,2026-09-04T19:10:58.689600+03:30,TGJU,زمرد,صندوق طلای زمرد,,31040,,31040,0,0,,
2026-09-04T15:40:58.689600+00:00,2026-09-04T19:10:58.689600+03:30,TGJU,عیار,صندوق طلای عیار,,636540,,636540,0,0,,
2026-09-04T15:40:58.689600+00:00,2026-09-04T19:10:58.689600+03:30,TGJU,قیراط,صندوق طلای قیراط,,40296,,40296,0,0,,
2026-09-04T15:40:58.689600+00:00,2026-09-04T19:10:58.689600+03:30,TGJU,کهربا,صندوق طلای کهربا,,216349,,216349,0,0,,
2026-09-04T15:40:58.689600+00:00,2026-09-04T19:10:58.689600+03:30,TGJU,گلدا,صندوق طلای گلدا,,20214,,20214,0,0,,
2026-09-04T15:40:58.689600+00:00,2026-09-04T19:10:58.689600+03:30,TGJU,گلدیس,صندوق طلای گلدیس,,43977,,43977,0,0,,
2026-09-04T15:40:58.689600+00:00,2026-09-04T19:10:58.689600+03:30,TGJU,گنج,صندوق طلای گنج,,194100,,194100,0,0,,
2026-09-04T15:40:58.689600+00:00,2026-09-04T19:10:58.689600+03:30,TGJU,گوهر,صندوق طلای گوهر,,1074995,,1074995,0,0,,
2026-09-04T15:40:58.689600+00:00,2026-09-04T19:10:58.689600+03:30,TGJU,لوتوس,صندوق طلای لوتوس,,1600000,,1600000,0,0,,
2026-09-04T15:40:58.689600+00:00,2026-09-04T19:10:58.689600+03:30,TGJU,لیان,صندوق طلای لیان,,41366,,41366,0,0,,
2026-09-04T15:40:58.689600+00:00,2026-09-04T19:10:58.689600+03:30,TGJU,مثقال,صندوق طلای مثقال,,182001,,182001,0,0,,
2026-09-04T15:40:58.689600+00:00,2026-09-04T19:10:58.689600+03:30,TGJU,ناب,صندوق طلای ناب,,76118,,76118,0,0,,
2026-09-04T15:40:58.689600+00:00,2026-09-04T19:10:58.689600+03:30,TGJU,نفیس,صندوق طلای نفیس,,130546,,130546,0,0,,
2026-09-04T15:40:58.689600+00:00,2026-09-04T19:10:58.689600+03:30,TGJU,نگین فارس,صندوق طلای نگین فارس,,17130,,17130,0,0,,
2026-09-04T15:40:58.689600+00:00,2026-09-04T19:10:58.689600+03:30,TGJU,همیان,صندوق طلای همیان,,19728,,19728,0,0,,
2026-09-04T15:40:58.689600+00:00,2026-09-04T19:10:58.689600+03:30,TGJU,میراث,صندوق طلای میراث,,13425,,13425,0,0,,
2026-09-04T15:40:58.689600+00:00,2026-09-04T19:10:58.689600+03:30,TGJU,نهال,صندوق طلای نهال,,70402,,70402,0,0,,
2026-09-04T15:40:58.689600+00:00,2026-09-04T19:10:58.689600+03:30,TGJU,سافرون,صندوق طلای سافرون,,72551,,72551,0,0,,
2026-09-05T07:38:26.095448+00:00,2026-09-05T11:08:26.095448+03:30,TGJU,آتش,صندوق طلای آتش,,40002,,40002,0,0,,
2026-09-05T07:38:26.095448+00:00,2026-09-05T11:08:26.095448+03:30,TGJU,آلتون,صندوق طلای آلتون,,71475,,71475,0,0,,
2026-09-05T07:38:26.095448+00:00,2026-09-05T11:08:26.095448+03:30,TGJU,امرالد,صندوق طلای امرالد,,30243,,30243,0,0,,
2026-09-05T07:38:26.095448+00:00,2026-09-05T11:08:26.095448+03:30,TGJU,تابش,صندوق طلای تابش,,90000,,90000,0,0,,
2026-09-05T07:38:26.095448+00:00,2026-09-05T11:08:26.095448+03:30,TGJU,جام طلا,صندوق طلای جام طلا,,20222,,20222,0,0,,
2026-09-05T07:38:26.095448+00:00,2026-09-05T11:08:26.095448+03:30,TGJU,جواهر,صندوق طلای جواهر,,83340,,83340,0,0,,
2026-09-05T07:38:26.095448+00:00,2026-09-05T11:08:26.095448+03:30,TGJU,درخشان,صندوق طلای درخشان,,40700,,40700,0,0,,
2026-09-05T07:38:26.095448+00:00,2026-09-05T11:08:26.095448+03:30,TGJU,درنا,صندوق طلای درنا,,25552,,25552,0,0,,
2026-09-05T07:38:26.095448+00:00,2026-09-05T11:08:26.095448+03:30,TGJU,رز ترنج,صندوق طلای رز ترنج,,27980,,27980,0,0,,
2026-09-05T07:38:26.095448+00:00,2026-09-05T11:08:26.095448+03:30,TGJU,رزگلد,صندوق طلای رزگلد,,20785,,20785,0,0,,
2026-09-05T07:38:26.095448+00:00,2026-09-05T11:08:26.095448+03:30,TGJU,ریتون,صندوق طلای ریتون,,21501,,21501,0,0,,
2026-09-05T07:38:26.095448+00:00,2026-09-05T11:08:26.095448+03:30,TGJU,زر,صندوق طلای زر,,960090,,960090,0,0,,
2026-09-05T07:38:26.095448+00:00,2026-09-05T11:08:26.095448+03:30,TGJU,زرفام,صندوق طلای زرفام,,164600,,164600,0,0,,
2026-09-05T07:38:26.095448+00:00,2026-09-05T11:08:26.095448+03:30,TGJU,زرگر,صندوق طلای زرگر,,22915,,22915,0,0,,
2026-09-05T07:38:26.095448+00:00,2026-09-05T11:08:26.095448+03:30,TGJU,زروان,صندوق طلای زروان,,45600,,45600,0,0,,
2026-09-05T07:38:26.095448+00:00,2026-09-05T11:08:26.095448+03:30,TGJU,زمرد,صندوق طلای زمرد,,31040,,31040,0,0,,
2026-09-05T07:38:26.095448+00:00,2026-09-05T11:08:26.095448+03:30,TGJU,عیار,صندوق طلای عیار,,636540,,636540,0,0,,
2026-09-05T07:38:26.095448+00:00,2026-09-05T11:08:26.095448+03:30,TGJU,قیراط,صندوق طلای قیراط,,40296,,40296,0,0,,
2026-09-05T07:38:26.095448+00:00,2026-09-05T11:08:26.095448+03:30,TGJU,کهربا,صندوق طلای کهربا,,216349,,216349,0,0,,
2026-09-05T07:38:26.095448+00:00,2026-09-05T11:08:26.095448+03:30,TGJU,گلدا,صندوق طلای گلدا,,20214,,20214,0,0,,
2026-09-05T07:38:26.095448+00:00,2026-09-05T11:08:26.095448+03:30,TGJU,گلدیس,صندوق طلای گلدیس,,43977,,43977,0,0,,
2026-09-05T07:38:26.095448+00:00,2026-09-05T11:08:26.095448+03:30,TGJU,گنج,صندوق طلای گنج,,194100,,194100,0,0,,
2026-09-05T07:38:26.095448+00:00,2026-09-05T11:08:26.095448+03:30,TGJU,گوهر,صندوق طلای گوهر,,1074995,,1074995,0,0,,
2026-09-05T07:38:26.095448+00:00,2026-09-05T11:08:26.095448+03:30,TGJU,لوتوس,صندوق طلای لوتوس,,1600000,,1600000,0,0,,
2026-09-05T07:38:26.095448+00:00,2026-09-05T11:08:26.095448+03:30,TGJU,لیان,صندوق طلای لیان,,41366,,41366,0,0,,
2026-09-05T07:38:26.095448+00:00,2026-09-05T11:08:26.095448+03:30,TGJU,مثقال,صندوق طلای مثقال,,182001,,182001,0,0,,
2026-09-05T07:38:26.095448+00:00,2026-09-05T11:08:26.095448+03:30,TGJU,ناب,صندوق طلای ناب,,76118,,76118,0,0,,
2026-09-05T07:38:26.095448+00:00,2026-09-05T11:08:26.095448+03:30,TGJU,نفیس,صندوق طلای نفیس,,130546,,130546,0,0,,
2026-09-05T07:38:26.095448+00:00,2026-09-05T11:08:26.095448+03:30,TGJU,نگین فارس,صندوق طلای نگین فارس,,17130,,17130,0,0,,
2026-09-05T07:38:26.095448+00:00,2026-09-05T11:08:26.095448+03:30,TGJU,همیان,صندوق طلای همیان,,19728,,19728,0,0,,
2026-09-05T07:38:26.095448+00:00,2026-09-05T11:08:26.095448+03:30,TGJU,میراث,صندوق طلای میراث,,13425,,13425,0,0,,
2026-09-05T07:38:26.095448+00:00,2026-09-05T11:08:26.095448+03:30,TGJU,نهال,صندوق طلای نهال,,70402,,70402,0,0,,
2026-09-05T07:38:26.095448+00:00,2026-09-05T11:08:26.095448+03:30,TGJU,سافرون,صندوق طلای سافرون,,72551,,72551,0,0,,
2026-09-05T11:38:40.427965+00:00,2026-09-05T15:08:40.427965+03:30,TGJU,آتش,صندوق طلای آتش,,41214,,40002,1212,3.03,,
2026-09-05T11:38:40.427965+00:00,2026-09-05T15:08:40.427965+03:30,TGJU,آلتون,صندوق طلای آلتون,,73522,,71478,2044,2.86,,
2026-09-05T11:38:40.427965+00:00,2026-09-05T15:08:40.427965+03:30,TGJU,امرالد,صندوق طلای امرالد,,31053,,30243,810,2.68,,
2026-09-05T11:38:40.427965+00:00,2026-09-05T15:08:40.427965+03:30,TGJU,تابش,صندوق طلای تابش,,92837,,90002,2835,3.15,,
2026-09-05T11:38:40.427965+00:00,2026-09-05T15:08:40.427965+03:30,TGJU,جام طلا,صندوق طلای جام طلا,,20914,,20222,692,3.42,,
2026-09-05T11:38:40.427965+00:00,2026-09-05T15:08:40.427965+03:30,TGJU,جواهر,صندوق طلای جواهر,,85650,,83341,2309,2.77,,
2026-09-05T11:38:40.427965+00:00,2026-09-05T15:08:40.427965+03:30,TGJU,درخشان,صندوق طلای درخشان,,41805,,40702,1103,2.71,,
2026-09-05T11:38:40.427965+00:00,2026-09-05T15:08:40.427965+03:30,TGJU,درنا,صندوق طلای درنا,,26308,,25552,756,2.96,,
2026-09-05T11:38:40.427965+00:00,2026-09-05T15:08:40.427965+03:30,TGJU,رز ترنج,صندوق طلای رز ترنج,,28763,,27980,783,2.8,,
2026-09-05T11:38:40.427965+00:00,2026-09-05T15:08:40.427965+03:30,TGJU,رزگلد,صندوق طلای رزگلد,,21430,,20786,644,3.1,,
2026-09-05T11:38:40.427965+00:00,2026-09-05T15:08:40.427965+03:30,TGJU,ریتون,صندوق طلای ریتون,,22086,,21501,585,2.72,,
2026-09-05T11:38:40.427965+00:00,2026-09-05T15:08:40.427965+03:30,TGJU,زر,صندوق طلای زر,,985796,,960066,25730,2.68,,
2026-09-05T11:38:40.427965+00:00,2026-09-05T15:08:40.427965+03:30,TGJU,زرفام,صندوق طلای زرفام,,169070,,164593,4477,2.72,,
2026-09-05T11:38:40.427965+00:00,2026-09-05T15:08:40.427965+03:30,TGJU,زرگر,صندوق طلای زرگر,,23500,,22916,584,2.55,,
2026-09-05T11:38:40.427965+00:00,2026-09-05T15:08:40.427965+03:30,TGJU,زروان,صندوق طلای زروان,,46762,,45599,1163,2.55,,
2026-09-05T11:38:40.427965+00:00,2026-09-05T15:08:40.427965+03:30,TGJU,زمرد,صندوق طلای زمرد,,31835,,31040,795,2.56,,
2026-09-05T11:38:40.427965+00:00,2026-09-05T15:08:40.427965+03:30,TGJU,عیار,صندوق طلای عیار,,655218,,636567,18651,2.93,,
2026-09-05T11:38:40.427965+00:00,2026-09-05T15:08:40.427965+03:30,TGJU,قیراط,صندوق طلای قیراط,,41237,,40294,943,2.34,,
2026-09-05T11:38:40.427965+00:00,2026-09-05T15:08:40.427965+03:30,TGJU,کهربا,صندوق طلای کهربا,,221719,,216353,5366,2.48,,
2026-09-05T11:38:40.427965+00:00,2026-09-05T15:08:40.427965+03:30,TGJU,گلدا,صندوق طلای گلدا,,20689,,20214,475,2.35,,
2026-09-05T11:38:40.427965+00:00,2026-09-05T15:08:40.427965+03:30,TGJU,گلدیس,صندوق طلای گلدیس,,45097,,43976,1121,2.55,,
2026-09-05T11:38:40.427965+00:00,2026-09-05T15:08:40.427965+03:30,TGJU,گنج,صندوق طلای گنج,,198790,,194093,4697,2.42,,
2026-09-05T11:38:40.427965+00:00,2026-09-05T15:08:40.427965+03:30,TGJU,گوهر,صندوق طلای گوهر,,1104105,,1074973,29132,2.71,,
2026-09-05T11:38:40.427965+00:00,2026-09-05T15:08:40.427965+03:30,TGJU,لوتوس,صندوق طلای لوتوس,,1640402,,1599924,40478,2.53,,
2026-09-05T11:38:40.427965+00:00,2026-09-05T15:08:40.427965+03:30,TGJU,لیان,صندوق طلای لیان,,42390,,41364,1026,2.48,,
2026-09-05T11:38:40.427965+00:00,2026-09-05T15:08:40.427965+03:30,TGJU,مثقال,صندوق طلای مثقال,,187496,,182000,5496,3.02,,
2026-09-05T11:38:40.427965+00:00,2026-09-05T15:08:40.427965+03:30,TGJU,ناب,صندوق طلای ناب,,78438,,76116,2322,3.05,,
2026-09-05T11:38:40.427965+00:00,2026-09-05T15:08:40.427965+03:30,TGJU,نفیس,صندوق طلای نفیس,,134054,,130542,3512,2.69,,
2026-09-05T11:38:40.427965+00:00,2026-09-05T15:08:40.427965+03:30,TGJU,نگین فارس,صندوق طلای نگین فارس,,17598,,17130,468,2.73,,
2026-09-05T11:38:40.427965+00:00,2026-09-05T15:08:40.427965+03:30,TGJU,همیان,صندوق طلای همیان,,20284,,19728,556,2.82,,
2026-09-05T11:38:40.427965+00:00,2026-09-05T15:08:40.427965+03:30,TGJU,میراث,صندوق طلای میراث,,13776,,13426,350,2.61,,
2026-09-05T11:38:40.427965+00:00,2026-09-05T15:08:40.427965+03:30,TGJU,نهال,صندوق طلای نهال,,72700,,70405,2295,3.26,,
2026-09-05T11:38:40.427965+00:00,2026-09-05T15:08:40.427965+03:30,TGJU,سافرون,صندوق طلای سافرون,,73400,,72551,849,1.17,,
2026-09-05T15:39:11.789842+00:00,2026-09-05T19:09:11.789842+03:30,TGJU,آتش,صندوق طلای آتش,,41074,,40002,1072,2.68,,
2026-09-05T15:39:11.789842+00:00,2026-09-05T19:09:11.789842+03:30,TGJU,آلتون,صندوق طلای آلتون,,73353,,71473,1880,2.63,,
2026-09-05T15:39:11.789842+00:00,2026-09-05T19:09:11.789842+03:30,TGJU,امرالد,صندوق طلای امرالد,,30967,,30244,723,2.39,,
2026-09-05T15:39:11.789842+00:00,2026-09-05T19:09:11.789842+03:30,TGJU,تابش,صندوق طلای تابش,,92639,,90002,2637,2.93,,
2026-09-05T15:39:11.789842+00:00,2026-09-05T19:09:11.789842+03:30,TGJU,جام طلا,صندوق طلای جام طلا,,20882,,20223,659,3.26,,
2026-09-05T15:39:11.789842+00:00,2026-09-05T19:09:11.789842+03:30,TGJU,جواهر,صندوق طلای جواهر,,85485,,83343,2142,2.57,,
2026-09-05T15:39:11.789842+00:00,2026-09-05T19:09:11.789842+03:30,TGJU,درخشان,صندوق طلای درخشان,,41739,,40701,1038,2.55,,
2026-09-05T15:39:11.789842+00:00,2026-09-05T19:09:11.789842+03:30,TGJU,درنا,صندوق طلای درنا,,26276,,25553,723,2.83,,
2026-09-05T15:39:11.789842+00:00,2026-09-05T19:09:11.789842+03:30,TGJU,رز ترنج,صندوق طلای رز ترنج,,28705,,27980,725,2.59,,
2026-09-05T15:39:11.789842+00:00,2026-09-05T19:09:11.789842+03:30,TGJU,رزگلد,صندوق طلای رزگلد,,21422,,20786,636,3.06,,
2026-09-05T15:39:11.789842+00:00,2026-09-05T19:09:11.789842+03:30,TGJU,ریتون,صندوق طلای ریتون,,22139,,21500,639,2.97,,
2026-09-05T15:39:11.789842+00:00,2026-09-05T19:09:11.789842+03:30,TGJU,زر,صندوق طلای زر,,984555,,960073,24482,2.55,,
2026-09-05T15:39:11.789842+00:00,2026-09-05T19:09:11.789842+03:30,TGJU,زرفام,صندوق طلای زرفام,,168288,,164601,3687,2.24,,
2026-09-05T15:39:11.789842+00:00,2026-09-05T19:09:11.789842+03:30,TGJU,زرگر,صندوق طلای زرگر,,23460,,22915,545,2.38,,
2026-09-05T15:39:11.789842+00:00,2026-09-05T19:09:11.789842+03:30,TGJU,زروان,صندوق طلای زروان,,47290,,45598,1692,3.71,,
2026-09-05T15:39:11.789842+00:00,2026-09-05T19:09:11.789842+03:30,TGJU,زمرد,صندوق طلای زمرد,,31847,,31040,807,2.6,,
2026-09-05T15:39:11.789842+00:00,2026-09-05T19:09:11.789842+03:30,TGJU,عیار,صندوق طلای عیار,,655070,,636546,18524,2.91,,
2026-09-05T15:39:11.789842+00:00,2026-09-05T19:09:11.789842+03:30,TGJU,قیراط,صندوق طلای قیراط,,41074,,40296,778,1.93,,
2026-09-05T15:39:11.789842+00:00,2026-09-05T19:09:11.789842+03:30,TGJU,کهربا,صندوق طلای کهربا,,221959,,216355,5604,2.59,,
2026-09-05T15:39:11.789842+00:00,2026-09-05T19:09:11.789842+03:30,TGJU,گلدا,صندوق طلای گلدا,,20668,,20213,455,2.25,,
2026-09-05T15:39:11.789842+00:00,2026-09-05T19:09:11.789842+03:30,TGJU,گلدیس,صندوق طلای گلدیس,,45069,,43978,1091,2.48,,
2026-09-05T15:39:11.789842+00:00,2026-09-05T19:09:11.789842+03:30,TGJU,گنج,صندوق طلای گنج,,198699,,194099,4600,2.37,,
2026-09-05T15:39:11.789842+00:00,2026-09-05T19:09:11.789842+03:30,TGJU,گوهر,صندوق طلای گوهر,,1102502,,1074982,27520,2.56,,
2026-09-05T15:39:11.789842+00:00,2026-09-05T19:09:11.789842+03:30,TGJU,لوتوس,صندوق طلای لوتوس,,1639704,,1600023,39681,2.48,,
2026-09-05T15:39:11.789842+00:00,2026-09-05T19:09:11.789842+03:30,TGJU,لیان,صندوق طلای لیان,,42448,,41364,1084,2.62,,
2026-09-05T15:39:11.789842+00:00,2026-09-05T19:09:11.789842+03:30,TGJU,مثقال,صندوق طلای مثقال,,187650,,182008,5642,3.1,,
2026-09-05T15:39:11.789842+00:00,2026-09-05T19:09:11.789842+03:30,TGJU,ناب,صندوق طلای ناب,,78277,,76115,2162,2.84,,
2026-09-05T15:39:11.789842+00:00,2026-09-05T19:09:11.789842+03:30,TGJU,نفیس,صندوق طلای نفیس,,134100,,130549,3551,2.72,,
2026-09-05T15:39:11.789842+00:00,2026-09-05T19:09:11.789842+03:30,TGJU,نگین فارس,صندوق طلای نگین فارس,,17580,,17129,451,2.63,,
2026-09-05T15:39:11.789842+00:00,2026-09-05T19:09:11.789842+03:30,TGJU,همیان,صندوق طلای همیان,,20213,,19728,485,2.46,,
2026-09-05T15:39:11.789842+00:00,2026-09-05T19:09:11.789842+03:30,TGJU,میراث,صندوق طلای میراث,,13736,,13425,311,2.32,,
2026-09-05T15:39:11.789842+00:00,2026-09-05T19:09:11.789842+03:30,TGJU,نهال,صندوق طلای نهال,,73122,,70404,2718,3.86,,
2026-09-05T15:39:11.789842+00:00,2026-09-05T19:09:11.789842+03:30,TGJU,سافرون,صندوق طلای سافرون,,73554,,72553,1001,1.38,,
2026-09-06T07:39:29.639402+00:00,2026-09-06T11:09:29.639402+03:30,TGJU,آتش,صندوق طلای آتش,,41074,,41074,0,0,,
2026-09-06T07:39:29.639402+00:00,2026-09-06T11:09:29.639402+03:30,TGJU,آلتون,صندوق طلای آلتون,,73353,,73353,0,0,,
2026-09-06T07:39:29.639402+00:00,2026-09-06T11:09:29.639402+03:30,TGJU,امرالد,صندوق طلای امرالد,,30967,,30967,0,0,,
2026-09-06T07:39:29.639402+00:00,2026-09-06T11:09:29.639402+03:30,TGJU,تابش,صندوق طلای تابش,,92639,,92639,0,0,,
2026-09-06T07:39:29.639402+00:00,2026-09-06T11:09:29.639402+03:30,TGJU,جام طلا,صندوق طلای جام طلا,,20882,,20882,0,0,,
2026-09-06T07:39:29.639402+00:00,2026-09-06T11:09:29.639402+03:30,TGJU,جواهر,صندوق طلای جواهر,,85485,,85485,0,0,,
2026-09-06T07:39:29.639402+00:00,2026-09-06T11:09:29.639402+03:30,TGJU,درخشان,صندوق طلای درخشان,,41739,,41739,0,0,,
2026-09-06T07:39:29.639402+00:00,2026-09-06T11:09:29.639402+03:30,TGJU,درنا,صندوق طلای درنا,,26276,,26276,0,0,,
2026-09-06T07:39:29.639402+00:00,2026-09-06T11:09:29.639402+03:30,TGJU,رز ترنج,صندوق طلای رز ترنج,,28705,,28705,0,0,,
2026-09-06T07:39:29.639402+00:00,2026-09-06T11:09:29.639402+03:30,TGJU,رزگلد,صندوق طلای رزگلد,,21422,,21422,0,0,,
2026-09-06T07:39:29.639402+00:00,2026-09-06T11:09:29.639402+03:30,TGJU,ریتون,صندوق طلای ریتون,,22139,,22139,0,0,,
2026-09-06T07:39:29.639402+00:00,2026-09-06T11:09:29.639402+03:30,TGJU,زر,صندوق طلای زر,,984555,,984555,0,0,,
2026-09-06T07:39:29.639402+00:00,2026-09-06T11:09:29.639402+03:30,TGJU,زرفام,صندوق طلای زرفام,,168288,,168288,0,0,,
2026-09-06T07:39:29.639402+00:00,2026-09-06T11:09:29.639402+03:30,TGJU,زرگر,صندوق طلای زرگر,,23460,,23460,0,0,,
2026-09-06T07:39:29.639402+00:00,2026-09-06T11:09:29.639402+03:30,TGJU,زروان,صندوق طلای زروان,,47290,,47290,0,0,,
2026-09-06T07:39:29.639402+00:00,2026-09-06T11:09:29.639402+03:30,TGJU,زمرد,صندوق طلای زمرد,,31847,,31847,0,0,,
2026-09-06T07:39:29.639402+00:00,2026-09-06T11:09:29.639402+03:30,TGJU,عیار,صندوق طلای عیار,,655070,,655070,0,0,,
2026-09-06T07:39:29.639402+00:00,2026-09-06T11:09:29.639402+03:30,TGJU,قیراط,صندوق طلای قیراط,,41074,,41074,0,0,,
2026-09-06T07:39:29.639402+00:00,2026-09-06T11:09:29.639402+03:30,TGJU,کهربا,صندوق طلای کهربا,,221959,,221959,0,0,,
2026-09-06T07:39:29.639402+00:00,2026-09-06T11:09:29.639402+03:30,TGJU,گلدا,صندوق طلای گلدا,,20668,,20668,0,0,,
2026-09-06T07:39:29.639402+00:00,2026-09-06T11:09:29.639402+03:30,TGJU,گلدیس,صندوق طلای گلدیس,,45069,,45069,0,0,,
2026-09-06T07:39:29.639402+00:00,2026-09-06T11:09:29.639402+03:30,TGJU,گنج,صندوق طلای گنج,,198699,,198699,0,0,,
2026-09-06T07:39:29.639402+00:00,2026-09-06T11:09:29.639402+03:30,TGJU,گوهر,صندوق طلای گوهر,,1102502,,1102502,0,0,,
2026-09-06T07:39:29.639402+00:00,2026-09-06T11:09:29.639402+03:30,TGJU,لوتوس,صندوق طلای لوتوس,,1639704,,1639704,0,0,,
2026-09-06T07:39:29.639402+00:00,2026-09-06T11:09:29.639402+03:30,TGJU,لیان,صندوق طلای لیان,,42448,,42448,0,0,,
2026-09-06T07:39:29.639402+00:00,2026-09-06T11:09:29.639402+03:30,TGJU,مثقال,صندوق طلای مثقال,,187650,,187650,0,0,,
2026-09-06T07:39:29.639402+00:00,2026-09-06T11:09:29.639402+03:30,TGJU,ناب,صندوق طلای ناب,,78277,,78277,0,0,,
2026-09-06T07:39:29.639402+00:00,2026-09-06T11:09:29.639402+03:30,TGJU,نفیس,صندوق طلای نفیس,,134100,,134100,0,0,,
2026-09-06T07:39:29.639402+00:00,2026-09-06T11:09:29.639402+03:30,TGJU,نگین فارس,صندوق طلای نگین فارس,,17580,,17580,0,0,,
2026-09-06T07:39:29.639402+00:00,2026-09-06T11:09:29.639402+03:30,TGJU,همیان,صندوق طلای همیان,,20213,,20213,0,0,,
2026-09-06T07:39:29.639402+00:00,2026-09-06T11:09:29.639402+03:30,TGJU,میراث,صندوق طلای میراث,,13736,,13736,0,0,,
2026-09-06T07:39:29.639402+00:00,2026-09-06T11:09:29.639402+03:30,TGJU,نهال,صندوق طلای نهال,,73122,,73122,0,0,,
2026-09-06T07:39:29.639402+00:00,2026-09-06T11:09:29.639402+03:30,TGJU,سافرون,صندوق طلای سافرون,,73554,,73554,0,0,,
2026-09-06T11:39:49.497800+00:00,2026-09-06T15:09:49.497800+03:30,TGJU,آتش,صندوق طلای آتش,,40281,,39503,778,1.97,,
2026-09-06T11:39:49.497800+00:00,2026-09-06T15:09:49.497800+03:30,TGJU,آلتون,صندوق طلای آلتون,,71892,,70462,1430,2.03,,
2026-09-06T11:39:49.497800+00:00,2026-09-06T15:09:49.497800+03:30,TGJU,امرالد,صندوق طلای امرالد,,30429,,29900,529,1.77,,
2026-09-06T11:39:49.497800+00:00,2026-09-06T15:09:49.497800+03:30,TGJU,تابش,صندوق طلای تابش,,91530,,90436,1094,1.21,,
2026-09-06T11:39:49.497800+00:00,2026-09-06T15:09:49.497800+03:30,TGJU,جام طلا,صندوق طلای جام طلا,,20636,,20393,243,1.19,,
2026-09-06T11:39:49.497800+00:00,2026-09-06T15:09:49.497800+03:30,TGJU,جواهر,صندوق طلای جواهر,,83764,,82081,1683,2.05,,
2026-09-06T11:39:49.497800+00:00,2026-09-06T15:09:49.497800+03:30,TGJU,درخشان,صندوق طلای درخشان,,40906,,40088,818,2.04,,
2026-09-06T11:39:49.497800+00:00,2026-09-06T15:09:49.497800+03:30,TGJU,درنا,صندوق طلای درنا,,25780,,25294,486,1.92,,
2026-09-06T11:39:49.497800+00:00,2026-09-06T15:09:49.497800+03:30,TGJU,رز ترنج,صندوق طلای رز ترنج,,28260,,27823,437,1.57,,
2026-09-06T11:39:49.497800+00:00,2026-09-06T15:09:49.497800+03:30,TGJU,رزگلد,صندوق طلای رزگلد,,21284,,21147,137,0.65,,
2026-09-06T11:39:49.497800+00:00,2026-09-06T15:09:49.497800+03:30,TGJU,ریتون,صندوق طلای ریتون,,21608,,21089,519,2.46,,
2026-09-06T11:39:49.497800+00:00,2026-09-06T15:09:49.497800+03:30,TGJU,زر,صندوق طلای زر,,963331,,942594,20737,2.2,,
2026-09-06T11:39:49.497800+00:00,2026-09-06T15:09:49.497800+03:30,TGJU,زرفام,صندوق طلای زرفام,,165521,,162802,2719,1.67,,
2026-09-06T11:39:49.497800+00:00,2026-09-06T15:09:49.497800+03:30,TGJU,زرگر,صندوق طلای زرگر,,23144,,22831,313,1.37,,
2026-09-06T11:39:49.497800+00:00,2026-09-06T15:09:49.497800+03:30,TGJU,زروان,صندوق طلای زروان,,46124,,44986,1138,2.53,,
2026-09-06T11:39:49.497800+00:00,2026-09-06T15:09:49.497800+03:30,TGJU,زمرد,صندوق طلای زمرد,,31240,,30645,595,1.94,,
2026-09-06T11:39:49.497800+00:00,2026-09-06T15:09:49.497800+03:30,TGJU,عیار,صندوق طلای عیار,,636736,,618911,17825,2.88,,
2026-09-06T11:39:49.497800+00:00,2026-09-06T15:09:49.497800+03:30,TGJU,قیراط,صندوق طلای قیراط,,40404,,39744,660,1.66,,
2026-09-06T11:39:49.497800+00:00,2026-09-06T15:09:49.497800+03:30,TGJU,کهربا,صندوق طلای کهربا,,217030,,212213,4817,2.27,,
2026-09-06T11:39:49.497800+00:00,2026-09-06T15:09:49.497800+03:30,TGJU,گلدا,صندوق طلای گلدا,,20203,,19749,454,2.3,,
2026-09-06T11:39:49.497800+00:00,2026-09-06T15:09:49.497800+03:30,TGJU,گلدیس,صندوق طلای گلدیس,,44190,,43328,862,1.99,,
2026-09-06T11:39:49.497800+00:00,2026-09-06T15:09:49.497800+03:30,TGJU,گنج,صندوق طلای گنج,,194001,,189417,4584,2.42,,
2026-09-06T11:39:49.497800+00:00,2026-09-06T15:09:49.497800+03:30,TGJU,گوهر,صندوق طلای گوهر,,1079000,,1055980,23020,2.18,,
2026-09-06T11:39:49.497800+00:00,2026-09-06T15:09:49.497800+03:30,TGJU,لوتوس,صندوق طلای لوتوس,,1604500,,1570114,34386,2.19,,
2026-09-06T11:39:49.497800+00:00,2026-09-06T15:09:49.497800+03:30,TGJU,لیان,صندوق طلای لیان,,41625,,40817,808,1.98,,
2026-09-06T11:39:49.497800+00:00,2026-09-06T15:09:49.497800+03:30,TGJU,مثقال,صندوق طلای مثقال,,183064,,178582,4482,2.51,,
2026-09-06T11:39:49.497800+00:00,2026-09-06T15:09:49.497800+03:30,TGJU,ناب,صندوق طلای ناب,,77128,,75996,1132,1.49,,
2026-09-06T11:39:49.497800+00:00,2026-09-06T15:09:49.497800+03:30,TGJU,نفیس,صندوق طلای نفیس,,131576,,129097,2479,1.92,,
2026-09-06T11:39:49.497800+00:00,2026-09-06T15:09:49.497800+03:30,TGJU,نگین فارس,صندوق طلای نگین فارس,,17282,,16990,292,1.72,,
2026-09-06T11:39:49.497800+00:00,2026-09-06T15:09:49.497800+03:30,TGJU,همیان,صندوق طلای همیان,,19929,,19648,281,1.43,,
2026-09-06T11:39:49.497800+00:00,2026-09-06T15:09:49.497800+03:30,TGJU,میراث,صندوق طلای میراث,,13463,,13195,268,2.03,,
2026-09-06T11:39:49.497800+00:00,2026-09-06T15:09:49.497800+03:30,TGJU,نهال,صندوق طلای نهال,,72979,,72833,146,0.2,,
2026-09-06T11:39:49.497800+00:00,2026-09-06T15:09:49.497800+03:30,TGJU,سافرون,صندوق طلای سافرون,,73025,,72503,522,0.72,,
2026-09-06T15:39:33.898600+00:00,2026-09-06T19:09:33.898600+03:30,TGJU,آتش,صندوق طلای آتش,,40272,,39486,786,1.99,,
2026-09-06T15:39:33.898600+00:00,2026-09-06T19:09:33.898600+03:30,TGJU,آلتون,صندوق طلای آلتون,,72065,,70798,1267,1.79,,
2026-09-06T15:39:33.898600+00:00,2026-09-06T19:09:33.898600+03:30,TGJU,امرالد,صندوق طلای امرالد,,30440,,29922,518,1.73,,
2026-09-06T15:39:33.898600+00:00,2026-09-06T19:09:33.898600+03:30,TGJU,تابش,صندوق طلای تابش,,91559,,90491,1068,1.18,,
2026-09-06T15:39:33.898600+00:00,2026-09-06T19:09:33.898600+03:30,TGJU,جام طلا,صندوق طلای جام طلا,,20660,,20441,219,1.07,,
2026-09-06T15:39:33.898600+00:00,2026-09-06T19:09:33.898600+03:30,TGJU,جواهر,صندوق طلای جواهر,,83820,,82185,1635,1.99,,
2026-09-06T15:39:33.898600+00:00,2026-09-06T19:09:33.898600+03:30,TGJU,درخشان,صندوق طلای درخشان,,40900,,40078,822,2.05,,
2026-09-06T15:39:33.898600+00:00,2026-09-06T19:09:33.898600+03:30,TGJU,درنا,صندوق طلای درنا,,25894,,25516,378,1.48,,
2026-09-06T15:39:33.898600+00:00,2026-09-06T19:09:33.898600+03:30,TGJU,رز ترنج,صندوق طلای رز ترنج,,28300,,27901,399,1.43,,
2026-09-06T15:39:33.898600+00:00,2026-09-06T19:09:33.898600+03:30,TGJU,رزگلد,صندوق طلای رزگلد,,21317,,21213,104,0.49,,
2026-09-06T15:39:33.898600+00:00,2026-09-06T19:09:33.898600+03:30,TGJU,ریتون,صندوق طلای ریتون,,21669,,21209,460,2.17,,
2026-09-06T15:39:33.898600+00:00,2026-09-06T19:09:33.898600+03:30,TGJU,زر,صندوق طلای زر,,963590,,943032,20558,2.18,,
2026-09-06T15:39:33.898600+00:00,2026-09-06T19:09:33.898600+03:30,TGJU,زرفام,صندوق طلای زرفام,,165313,,162390,2923,1.8,,
2026-09-06T15:39:33.898600+00:00,2026-09-06T19:09:33.898600+03:30,TGJU,زرگر,صندوق طلای زرگر,,23108,,22762,346,1.52,,
2026-09-06T15:39:33.898600+00:00,2026-09-06T19:09:33.898600+03:30,TGJU,زروان,صندوق طلای زروان,,46222,,45178,1044,2.31,,
2026-09-06T15:39:33.898600+00:00,2026-09-06T19:09:33.898600+03:30,TGJU,زمرد,صندوق طلای زمرد,,31254,,30671,583,1.9,,
2026-09-06T15:39:33.898600+00:00,2026-09-06T19:09:33.898600+03:30,TGJU,عیار,صندوق طلای عیار,,638980,,623274,15706,2.52,,
2026-09-06T15:39:33.898600+00:00,2026-09-06T19:09:33.898600+03:30,TGJU,قیراط,صندوق طلای قیراط,,40333,,39604,729,1.84,,
2026-09-06T15:39:33.898600+00:00,2026-09-06T19:09:33.898600+03:30,TGJU,کهربا,صندوق طلای کهربا,,217436,,213005,4431,2.08,,
2026-09-06T15:39:33.898600+00:00,2026-09-06T19:09:33.898600+03:30,TGJU,گلدا,صندوق طلای گلدا,,20294,,19927,367,1.84,,
2026-09-06T15:39:33.898600+00:00,2026-09-06T19:09:33.898600+03:30,TGJU,گلدیس,صندوق طلای گلدیس,,44432,,43806,626,1.43,,
2026-09-06T15:39:33.898600+00:00,2026-09-06T19:09:33.898600+03:30,TGJU,گنج,صندوق طلای گنج,,194350,,190092,4258,2.24,,
2026-09-06T15:39:33.898600+00:00,2026-09-06T19:09:33.898600+03:30,TGJU,گوهر,صندوق طلای گوهر,,1079000,,1055980,23020,2.18,,
2026-09-06T15:39:33.898600+00:00,2026-09-06T19:09:33.898600+03:30,TGJU,لوتوس,صندوق طلای لوتوس,,1604500,,1570114,34386,2.19,,
2026-09-06T15:39:33.898600+00:00,2026-09-06T19:09:33.898600+03:30,TGJU,لیان,صندوق طلای لیان,,41594,,40758,836,2.05,,
2026-09-06T15:39:33.898600+00:00,2026-09-06T19:09:33.898600+03:30,TGJU,مثقال,صندوق طلای مثقال,,182800,,178081,4719,2.65,,
2026-09-06T15:39:33.898600+00:00,2026-09-06T19:09:33.898600+03:30,TGJU,ناب,صندوق طلای ناب,,77042,,75829,1213,1.6,,
2026-09-06T15:39:33.898600+00:00,2026-09-06T19:09:33.898600+03:30,TGJU,نفیس,صندوق طلای نفیس,,131640,,129224,2416,1.87,,
2026-09-06T15:39:33.898600+00:00,2026-09-06T19:09:33.898600+03:30,TGJU,نگین فارس,صندوق طلای نگین فارس,,17263,,16951,312,1.84,,
2026-09-06T15:39:33.898600+00:00,2026-09-06T19:09:33.898600+03:30,TGJU,همیان,صندوق طلای همیان,,19900,,19592,308,1.57,,
2026-09-06T15:39:33.898600+00:00,2026-09-06T19:09:33.898600+03:30,TGJU,میراث,صندوق طلای میراث,,13496,,13260,236,1.78,,
2026-09-06T15:39:33.898600+00:00,2026-09-06T19:09:33.898600+03:30,TGJU,نهال,صندوق طلای نهال,,72850,,72581,269,0.37,,
2026-09-06T15:39:33.898600+00:00,2026-09-06T19:09:33.898600+03:30,TGJU,سافرون,صندوق طلای سافرون,,72550,,71562,988,1.38,,
2026-09-07T07:43:12.345688+00:00,2026-09-07T11:13:12.345688+03:30,TGJU,آتش,صندوق طلای آتش,,40272,,40272,0,0,,
2026-09-07T07:43:12.345688+00:00,2026-09-07T11:13:12.345688+03:30,TGJU,آلتون,صندوق طلای آلتون,,72065,,72065,0,0,,
2026-09-07T07:43:12.345688+00:00,2026-09-07T11:13:12.345688+03:30,TGJU,امرالد,صندوق طلای امرالد,,30440,,30440,0,0,,
2026-09-07T07:43:12.345688+00:00,2026-09-07T11:13:12.345688+03:30,TGJU,تابش,صندوق طلای تابش,,91559,,91559,0,0,,
2026-09-07T07:43:12.345688+00:00,2026-09-07T11:13:12.345688+03:30,TGJU,جام طلا,صندوق طلای جام طلا,,20660,,20660,0,0,,
2026-09-07T07:43:12.345688+00:00,2026-09-07T11:13:12.345688+03:30,TGJU,جواهر,صندوق طلای جواهر,,83820,,83820,0,0,,
2026-09-07T07:43:12.345688+00:00,2026-09-07T11:13:12.345688+03:30,TGJU,درخشان,صندوق طلای درخشان,,40900,,40900,0,0,,
2026-09-07T07:43:12.345688+00:00,2026-09-07T11:13:12.345688+03:30,TGJU,درنا,صندوق طلای درنا,,25894,,25894,0,0,,
2026-09-07T07:43:12.345688+00:00,2026-09-07T11:13:12.345688+03:30,TGJU,رز ترنج,صندوق طلای رز ترنج,,28300,,28300,0,0,,
2026-09-07T07:43:12.345688+00:00,2026-09-07T11:13:12.345688+03:30,TGJU,رزگلد,صندوق طلای رزگلد,,21317,,21317,0,0,,
2026-09-07T07:43:12.345688+00:00,2026-09-07T11:13:12.345688+03:30,TGJU,ریتون,صندوق طلای ریتون,,21669,,21669,0,0,,
2026-09-07T07:43:12.345688+00:00,2026-09-07T11:13:12.345688+03:30,TGJU,زر,صندوق طلای زر,,963590,,963590,0,0,,
2026-09-07T07:43:12.345688+00:00,2026-09-07T11:13:12.345688+03:30,TGJU,زرفام,صندوق طلای زرفام,,165313,,165313,0,0,,
2026-09-07T07:43:12.345688+00:00,2026-09-07T11:13:12.345688+03:30,TGJU,زرگر,صندوق طلای زرگر,,23108,,23108,0,0,,
2026-09-07T07:43:12.345688+00:00,2026-09-07T11:13:12.345688+03:30,TGJU,زروان,صندوق طلای زروان,,46222,,46222,0,0,,
2026-09-07T07:43:12.345688+00:00,2026-09-07T11:13:12.345688+03:30,TGJU,زمرد,صندوق طلای زمرد,,31254,,31254,0,0,,
2026-09-07T07:43:12.345688+00:00,2026-09-07T11:13:12.345688+03:30,TGJU,عیار,صندوق طلای عیار,,638980,,638980,0,0,,
2026-09-07T07:43:12.345688+00:00,2026-09-07T11:13:12.345688+03:30,TGJU,قیراط,صندوق طلای قیراط,,40333,,40333,0,0,,
2026-09-07T07:43:12.345688+00:00,2026-09-07T11:13:12.345688+03:30,TGJU,کهربا,صندوق طلای کهربا,,217436,,217436,0,0,,
2026-09-07T07:43:12.345688+00:00,2026-09-07T11:13:12.345688+03:30,TGJU,گلدا,صندوق طلای گلدا,,20294,,20294,0,0,,
2026-09-07T07:43:12.345688+00:00,2026-09-07T11:13:12.345688+03:30,TGJU,گلدیس,صندوق طلای گلدیس,,44432,,44432,0,0,,
2026-09-07T07:43:12.345688+00:00,2026-09-07T11:13:12.345688+03:30,TGJU,گنج,صندوق طلای گنج,,194350,,194350,0,0,,
2026-09-07T07:43:12.345688+00:00,2026-09-07T11:13:12.345688+03:30,TGJU,گوهر,صندوق طلای گوهر,,1079000,,1079000,0,0,,
2026-09-07T07:43:12.345688+00:00,2026-09-07T11:13:12.345688+03:30,TGJU,لوتوس,صندوق طلای لوتوس,,1604500,,1604500,0,0,,
2026-09-07T07:43:12.345688+00:00,2026-09-07T11:13:12.345688+03:30,TGJU,لیان,صندوق طلای لیان,,41594,,41594,0,0,,
2026-09-07T07:43:12.345688+00:00,2026-09-07T11:13:12.345688+03:30,TGJU,مثقال,صندوق طلای مثقال,,182800,,182800,0,0,,
2026-09-07T07:43:12.345688+00:00,2026-09-07T11:13:12.345688+03:30,TGJU,ناب,صندوق طلای ناب,,77042,,77042,0,0,,
2026-09-07T07:43:12.345688+00:00,2026-09-07T11:13:12.345688+03:30,TGJU,نفیس,صندوق طلای نفیس,,131640,,131640,0,0,,
2026-09-07T07:43:12.345688+00:00,2026-09-07T11:13:12.345688+03:30,TGJU,نگین فارس,صندوق طلای نگین فارس,,17263,,17263,0,0,,
2026-09-07T07:43:12.345688+00:00,2026-09-07T11:13:12.345688+03:30,TGJU,همیان,صندوق طلای همیان,,19900,,19900,0,0,,
2026-09-07T07:43:12.345688+00:00,2026-09-07T11:13:12.345688+03:30,TGJU,میراث,صندوق طلای میراث,,13496,,13496,0,0,,
2026-09-07T07:43:12.345688+00:00,2026-09-07T11:13:12.345688+03:30,TGJU,نهال,صندوق طلای نهال,,72850,,72850,0,0,,
2026-09-07T07:43:12.345688+00:00,2026-09-07T11:13:12.345688+03:30,TGJU,سافرون,صندوق طلای سافرون,,72550,,72550,0,0,,
2026-09-07T11:42:44.726948+00:00,2026-09-07T15:12:44.726948+03:30,TGJU,آتش,صندوق طلای آتش,,40320,,40272,48,0.12,,
2026-09-07T11:42:44.726948+00:00,2026-09-07T15:12:44.726948+03:30,TGJU,آلتون,صندوق طلای آلتون,,71909,,71751,158,0.22,,
2026-09-07T11:42:44.726948+00:00,2026-09-07T15:12:44.726948+03:30,TGJU,امرالد,صندوق طلای امرالد,,30440,,30440,0,0,,
2026-09-07T11:42:44.726948+00:00,2026-09-07T15:12:44.726948+03:30,TGJU,تابش,صندوق طلای تابش,,91556,,91556,0,0,,
2026-09-07T11:42:44.726948+00:00,2026-09-07T15:12:44.726948+03:30,TGJU,جام طلا,صندوق طلای جام طلا,,20504,,20349,155,0.76,,
2026-09-07T11:42:44.726948+00:00,2026-09-07T15:12:44.726948+03:30,TGJU,جواهر,صندوق طلای جواهر,,83861,,83819,42,0.05,,
2026-09-07T11:42:44.726948+00:00,2026-09-07T15:12:44.726948+03:30,TGJU,درخشان,صندوق طلای درخشان,,40980,,40898,82,0.2,,
2026-09-07T11:42:44.726948+00:00,2026-09-07T15:12:44.726948+03:30,TGJU,درنا,صندوق طلای درنا,,25800,,25707,93,0.36,,
2026-09-07T11:42:44.726948+00:00,2026-09-07T15:12:44.726948+03:30,TGJU,رز ترنج,صندوق طلای رز ترنج,,28360,,28301,59,0.21,,
2026-09-07T11:42:44.726948+00:00,2026-09-07T15:12:44.726948+03:30,TGJU,رزگلد,صندوق طلای رزگلد,,21230,,21143,87,0.41,,
2026-09-07T11:42:44.726948+00:00,2026-09-07T15:12:44.726948+03:30,TGJU,ریتون,صندوق طلای ریتون,,21681,,21668,13,0.06,,
2026-09-07T11:42:44.726948+00:00,2026-09-07T15:12:44.726948+03:30,TGJU,زر,صندوق طلای زر,,963400,,963207,193,0.02,,
2026-09-07T11:42:44.726948+00:00,2026-09-07T15:12:44.726948+03:30,TGJU,زرفام,صندوق طلای زرفام,,165374,,165308,66,0.04,,
2026-09-07T11:42:44.726948+00:00,2026-09-07T15:12:44.726948+03:30,TGJU,زرگر,صندوق طلای زرگر,,23188,,23107,81,0.35,,
2026-09-07T11:42:44.726948+00:00,2026-09-07T15:12:44.726948+03:30,TGJU,زروان,صندوق طلای زروان,,45817,,45417,400,0.88,,
2026-09-07T11:42:44.726948+00:00,2026-09-07T15:12:44.726948+03:30,TGJU,زمرد,صندوق طلای زمرد,,31372,,31253,119,0.38,,
2026-09-07T11:42:44.726948+00:00,2026-09-07T15:12:44.726948+03:30,TGJU,عیار,صندوق طلای عیار,,639146,,638954,192,0.03,,
2026-09-07T11:42:44.726948+00:00,2026-09-07T15:12:44.726948+03:30,TGJU,قیراط,صندوق طلای قیراط,,40528,,40334,194,0.48,,
2026-09-07T11:42:44.726948+00:00,2026-09-07T15:12:44.726948+03:30,TGJU,کهربا,صندوق طلای کهربا,,218019,,217432,587,0.27,,
2026-09-07T11:42:44.726948+00:00,2026-09-07T15:12:44.726948+03:30,TGJU,گلدا,صندوق طلای گلدا,,20207,,20120,87,0.43,,
2026-09-07T11:42:44.726948+00:00,2026-09-07T15:12:44.726948+03:30,TGJU,گلدیس,صندوق طلای گلدیس,,44494,,44432,62,0.14,,
2026-09-07T11:42:44.726948+00:00,2026-09-07T15:12:44.726948+03:30,TGJU,گنج,صندوق طلای گنج,,194650,,194358,292,0.15,,
2026-09-07T11:42:44.726948+00:00,2026-09-07T15:12:44.726948+03:30,TGJU,گوهر,صندوق طلای گوهر,,1084951,,1079016,5935,0.55,,
2026-09-07T11:42:44.726948+00:00,2026-09-07T15:12:44.726948+03:30,TGJU,لوتوس,صندوق طلای لوتوس,,1606499,,1604574,1925,0.12,,
2026-09-07T11:42:44.726948+00:00,2026-09-07T15:12:44.726948+03:30,TGJU,لیان,صندوق طلای لیان,,41512,,41429,83,0.2,,
2026-09-07T11:42:44.726948+00:00,2026-09-07T15:12:44.726948+03:30,TGJU,مثقال,صندوق طلای مثقال,,183100,,182808,292,0.16,,
2026-09-07T11:42:44.726948+00:00,2026-09-07T15:12:44.726948+03:30,TGJU,ناب,صندوق طلای ناب,,76968,,76891,77,0.1,,
2026-09-07T11:42:44.726948+00:00,2026-09-07T15:12:44.726948+03:30,TGJU,نفیس,صندوق طلای نفیس,,132402,,131638,764,0.58,,
2026-09-07T11:42:44.726948+00:00,2026-09-07T15:12:44.726948+03:30,TGJU,نگین فارس,صندوق طلای نگین فارس,,17301,,17263,38,0.22,,
2026-09-07T11:42:44.726948+00:00,2026-09-07T15:12:44.726948+03:30,TGJU,همیان,صندوق طلای همیان,,19906,,19900,6,0.03,,
2026-09-07T11:42:44.726948+00:00,2026-09-07T15:12:44.726948+03:30,TGJU,میراث,صندوق طلای میراث,,13550,,13496,54,0.4,,
2026-09-07T11:42:44.726948+00:00,2026-09-07T15:12:44.726948+03:30,TGJU,نهال,صندوق طلای نهال,,77548,,72849,4699,6.45,,
2026-09-07T11:42:44.726948+00:00,2026-09-07T15:12:44.726948+03:30,TGJU,سافرون,صندوق طلای سافرون,,76645,,72553,4092,5.64,,
2026-09-07T15:41:39.342525+00:00,2026-09-07T19:11:39.342525+03:30,TGJU,آتش,صندوق طلای آتش,,40481,,40272,209,0.52,,
2026-09-07T15:41:39.342525+00:00,2026-09-07T19:11:39.342525+03:30,TGJU,آلتون,صندوق طلای آلتون,,72097,,72068,29,0.04,,
2026-09-07T15:41:39.342525+00:00,2026-09-07T19:11:39.342525+03:30,TGJU,امرالد,صندوق طلای امرالد,,30625,,30439,186,0.61,,
2026-09-07T15:41:39.342525+00:00,2026-09-07T19:11:39.342525+03:30,TGJU,تابش,صندوق طلای تابش,,91749,,91557,192,0.21,,
2026-09-07T15:41:39.342525+00:00,2026-09-07T19:11:39.342525+03:30,TGJU,جام طلا,صندوق طلای جام طلا,,20592,,20524,68,0.33,,
2026-09-07T15:41:39.342525+00:00,2026-09-07T19:11:39.342525+03:30,TGJU,جواهر,صندوق طلای جواهر,,84180,,83820,360,0.43,,
2026-09-07T15:41:39.342525+00:00,2026-09-07T19:11:39.342525+03:30,TGJU,درخشان,صندوق طلای درخشان,,41070,,40898,172,0.42,,
2026-09-07T15:41:39.342525+00:00,2026-09-07T19:11:39.342525+03:30,TGJU,درنا,صندوق طلای درنا,,25870,,25847,23,0.09,,
2026-09-07T15:41:39.342525+00:00,2026-09-07T19:11:39.342525+03:30,TGJU,رز ترنج,صندوق طلای رز ترنج,,28400,,28301,99,0.35,,
2026-09-07T15:41:39.342525+00:00,2026-09-07T19:11:39.342525+03:30,TGJU,رزگلد,صندوق طلای رزگلد,,21299,,21282,17,0.08,,
2026-09-07T15:41:39.342525+00:00,2026-09-07T19:11:39.342525+03:30,TGJU,ریتون,صندوق طلای ریتون,,21789,,21670,119,0.55,,
2026-09-07T15:41:39.342525+00:00,2026-09-07T19:11:39.342525+03:30,TGJU,زر,صندوق طلای زر,,965500,,963573,1927,0.2,,
2026-09-07T15:41:39.342525+00:00,2026-09-07T19:11:39.342525+03:30,TGJU,زرفام,صندوق طلای زرفام,,165999,,165321,678,0.41,,
2026-09-07T15:41:39.342525+00:00,2026-09-07T19:11:39.342525+03:30,TGJU,زرگر,صندوق طلای زرگر,,23193,,23108,85,0.37,,
2026-09-07T15:41:39.342525+00:00,2026-09-07T19:11:39.342525+03:30,TGJU,زروان,صندوق طلای زروان,,45889,,45556,333,0.73,,
2026-09-07T15:41:39.342525+00:00,2026-09-07T19:11:39.342525+03:30,TGJU,زمرد,صندوق طلای زمرد,,31380,,31255,125,0.4,,
2026-09-07T15:41:39.342525+00:00,2026-09-07T19:11:39.342525+03:30,TGJU,عیار,صندوق طلای عیار,,640455,,638985,1470,0.23,,
2026-09-07T15:41:39.342525+00:00,2026-09-07T19:11:39.342525+03:30,TGJU,قیراط,صندوق طلای قیراط,,40640,,40333,307,0.76,,
2026-09-07T15:41:39.342525+00:00,2026-09-07T19:11:39.342525+03:30,TGJU,کهربا,صندوق طلای کهربا,,218870,,217435,1435,0.66,,
2026-09-07T15:41:39.342525+00:00,2026-09-07T19:11:39.342525+03:30,TGJU,گلدا,صندوق طلای گلدا,,20300,,20294,6,0.03,,
2026-09-07T15:41:39.342525+00:00,2026-09-07T19:11:39.342525+03:30,TGJU,گلدیس,صندوق طلای گلدیس,,44430,,44430,0,0,,
2026-09-07T15:41:39.342525+00:00,2026-09-07T19:11:39.342525+03:30,TGJU,گنج,صندوق طلای گنج,,195649,,194347,1302,0.67,,
2026-09-07T15:41:39.342525+00:00,2026-09-07T19:11:39.342525+03:30,TGJU,گوهر,صندوق طلای گوهر,,1088251,,1078972,9279,0.86,,
2026-09-07T15:41:39.342525+00:00,2026-09-07T19:11:39.342525+03:30,TGJU,لوتوس,صندوق طلای لوتوس,,1612500,,1604478,8022,0.5,,
2026-09-07T15:41:39.342525+00:00,2026-09-07T19:11:39.342525+03:30,TGJU,لیان,صندوق طلای لیان,,41755,,41593,162,0.39,,
2026-09-07T15:41:39.342525+00:00,2026-09-07T19:11:39.342525+03:30,TGJU,مثقال,صندوق طلای مثقال,,183509,,182796,713,0.39,,
2026-09-07T15:41:39.342525+00:00,2026-09-07T19:11:39.342525+03:30,TGJU,ناب,صندوق طلای ناب,,77220,,77043,177,0.23,,
2026-09-07T15:41:39.342525+00:00,2026-09-07T19:11:39.342525+03:30,TGJU,نفیس,صندوق طلای نفیس,,132915,,131638,1277,0.97,,
2026-09-07T15:41:39.342525+00:00,2026-09-07T19:11:39.342525+03:30,TGJU,نگین فارس,صندوق طلای نگین فارس,,17408,,17263,145,0.84,,
2026-09-07T15:41:39.342525+00:00,2026-09-07T19:11:39.342525+03:30,TGJU,همیان,صندوق طلای همیان,,19935,,19899,36,0.18,,
2026-09-07T15:41:39.342525+00:00,2026-09-07T19:11:39.342525+03:30,TGJU,میراث,صندوق طلای میراث,,13656,,13495,161,1.19,,
2026-09-07T15:41:39.342525+00:00,2026-09-07T19:11:39.342525+03:30,TGJU,نهال,صندوق طلای نهال,,77587,,72852,4735,6.5,,
2026-09-07T15:41:39.342525+00:00,2026-09-07T19:11:39.342525+03:30,TGJU,سافرون,صندوق طلای سافرون,,76527,,72551,3976,5.48,,
2026-09-08T07:43:07.019634+00:00,2026-09-08T11:13:07.019634+03:30,TGJU,آتش,صندوق طلای آتش,,40481,,40481,0,0,,
2026-09-08T07:43:07.019634+00:00,2026-09-08T11:13:07.019634+03:30,TGJU,آلتون,صندوق طلای آلتون,,72097,,72097,0,0,,
2026-09-08T07:43:07.019634+00:00,2026-09-08T11:13:07.019634+03:30,TGJU,امرالد,صندوق طلای امرالد,,30625,,30625,0,0,,
2026-09-08T07:43:07.019634+00:00,2026-09-08T11:13:07.019634+03:30,TGJU,تابش,صندوق طلای تابش,,91749,,91749,0,0,,
2026-09-08T07:43:07.019634+00:00,2026-09-08T11:13:07.019634+03:30,TGJU,جام طلا,صندوق طلای جام طلا,,20592,,20592,0,0,,
2026-09-08T07:43:07.019634+00:00,2026-09-08T11:13:07.019634+03:30,TGJU,جواهر,صندوق طلای جواهر,,84180,,84180,0,0,,
2026-09-08T07:43:07.019634+00:00,2026-09-08T11:13:07.019634+03:30,TGJU,درخشان,صندوق طلای درخشان,,41070,,41070,0,0,,
2026-09-08T07:43:07.019634+00:00,2026-09-08T11:13:07.019634+03:30,TGJU,درنا,صندوق طلای درنا,,25870,,25870,0,0,,
2026-09-08T07:43:07.019634+00:00,2026-09-08T11:13:07.019634+03:30,TGJU,رز ترنج,صندوق طلای رز ترنج,,28400,,28400,0,0,,
2026-09-08T07:43:07.019634+00:00,2026-09-08T11:13:07.019634+03:30,TGJU,رزگلد,صندوق طلای رزگلد,,21299,,21299,0,0,,
2026-09-08T07:43:07.019634+00:00,2026-09-08T11:13:07.019634+03:30,TGJU,ریتون,صندوق طلای ریتون,,21789,,21789,0,0,,
2026-09-08T07:43:07.019634+00:00,2026-09-08T11:13:07.019634+03:30,TGJU,زر,صندوق طلای زر,,965500,,965500,0,0,,
2026-09-08T07:43:07.019634+00:00,2026-09-08T11:13:07.019634+03:30,TGJU,زرفام,صندوق طلای زرفام,,165999,,165999,0,0,,
2026-09-08T07:43:07.019634+00:00,2026-09-08T11:13:07.019634+03:30,TGJU,زرگر,صندوق طلای زرگر,,23193,,23193,0,0,,
2026-09-08T07:43:07.019634+00:00,2026-09-08T11:13:07.019634+03:30,TGJU,زروان,صندوق طلای زروان,,45889,,45889,0,0,,
2026-09-08T07:43:07.019634+00:00,2026-09-08T11:13:07.019634+03:30,TGJU,زمرد,صندوق طلای زمرد,,31380,,31380,0,0,,
2026-09-08T07:43:07.019634+00:00,2026-09-08T11:13:07.019634+03:30,TGJU,عیار,صندوق طلای عیار,,640455,,640455,0,0,,
2026-09-08T07:43:07.019634+00:00,2026-09-08T11:13:07.019634+03:30,TGJU,قیراط,صندوق طلای قیراط,,40640,,40640,0,0,,
2026-09-08T07:43:07.019634+00:00,2026-09-08T11:13:07.019634+03:30,TGJU,کهربا,صندوق طلای کهربا,,218870,,218870,0,0,,
2026-09-08T07:43:07.019634+00:00,2026-09-08T11:13:07.019634+03:30,TGJU,گلدا,صندوق طلای گلدا,,20300,,20300,0,0,,
2026-09-08T07:43:07.019634+00:00,2026-09-08T11:13:07.019634+03:30,TGJU,گلدیس,صندوق طلای گلدیس,,44430,,44430,0,0,,
2026-09-08T07:43:07.019634+00:00,2026-09-08T11:13:07.019634+03:30,TGJU,گنج,صندوق طلای گنج,,195649,,195649,0,0,,
2026-09-08T07:43:07.019634+00:00,2026-09-08T11:13:07.019634+03:30,TGJU,گوهر,صندوق طلای گوهر,,1088251,,1088251,0,0,,
2026-09-08T07:43:07.019634+00:00,2026-09-08T11:13:07.019634+03:30,TGJU,لوتوس,صندوق طلای لوتوس,,1612500,,1612500,0,0,,
2026-09-08T07:43:07.019634+00:00,2026-09-08T11:13:07.019634+03:30,TGJU,لیان,صندوق طلای لیان,,41755,,41755,0,0,,
2026-09-08T07:43:07.019634+00:00,2026-09-08T11:13:07.019634+03:30,TGJU,مثقال,صندوق طلای مثقال,,183509,,183509,0,0,,
2026-09-08T07:43:07.019634+00:00,2026-09-08T11:13:07.019634+03:30,TGJU,ناب,صندوق طلای ناب,,77220,,77220,0,0,,
2026-09-08T07:43:07.019634+00:00,2026-09-08T11:13:07.019634+03:30,TGJU,نفیس,صندوق طلای نفیس,,132915,,132915,0,0,,
2026-09-08T07:43:07.019634+00:00,2026-09-08T11:13:07.019634+03:30,TGJU,نگین فارس,صندوق طلای نگین فارس,,17408,,17408,0,0,,
2026-09-08T07:43:07.019634+00:00,2026-09-08T11:13:07.019634+03:30,TGJU,همیان,صندوق طلای همیان,,19935,,19935,0,0,,
2026-09-08T07:43:07.019634+00:00,2026-09-08T11:13:07.019634+03:30,TGJU,میراث,صندوق طلای میراث,,13656,,13656,0,0,,
2026-09-08T07:43:07.019634+00:00,2026-09-08T11:13:07.019634+03:30,TGJU,نهال,صندوق طلای نهال,,77587,,77587,0,0,,
2026-09-08T07:43:07.019634+00:00,2026-09-08T11:13:07.019634+03:30,TGJU,سافرون,صندوق طلای سافرون,,76527,,76527,0,0,,
2026-09-08T11:42:09.728954+00:00,2026-09-08T15:12:09.728954+03:30,TGJU,آتش,صندوق طلای آتش,,41135,,40479,656,1.62,,
2026-09-08T11:42:09.728954+00:00,2026-09-08T15:12:09.728954+03:30,TGJU,آلتون,صندوق طلای آلتون,,73109,,72100,1009,1.4,,
2026-09-08T11:42:09.728954+00:00,2026-09-08T15:12:09.728954+03:30,TGJU,امرالد,صندوق طلای امرالد,,30974,,30625,349,1.14,,
2026-09-08T11:42:09.728954+00:00,2026-09-08T15:12:09.728954+03:30,TGJU,تابش,صندوق طلای تابش,,93110,,91752,1358,1.48,,
2026-09-08T11:42:09.728954+00:00,2026-09-08T15:12:09.728954+03:30,TGJU,جام طلا,صندوق طلای جام طلا,,20832,,20591,241,1.17,,
2026-09-08T11:42:09.728954+00:00,2026-09-08T15:12:09.728954+03:30,TGJU,جواهر,صندوق طلای جواهر,,85230,,84178,1052,1.25,,
2026-09-08T11:42:09.728954+00:00,2026-09-08T15:12:09.728954+03:30,TGJU,درخشان,صندوق طلای درخشان,,41872,,41071,801,1.95,,
2026-09-08T11:42:09.728954+00:00,2026-09-08T15:12:09.728954+03:30,TGJU,درنا,صندوق طلای درنا,,26270,,25869,401,1.55,,
2026-09-08T11:42:09.728954+00:00,2026-09-08T15:12:09.728954+03:30,TGJU,رز ترنج,صندوق طلای رز ترنج,,28840,,28400,440,1.55,,
2026-09-08T11:42:09.728954+00:00,2026-09-08T15:12:09.728954+03:30,TGJU,رزگلد,صندوق طلای رزگلد,,21530,,21300,230,1.08,,
2026-09-08T11:42:09.728954+00:00,2026-09-08T15:12:09.728954+03:30,TGJU,ریتون,صندوق طلای ریتون,,22070,,21789,281,1.29,,
2026-09-08T11:42:09.728954+00:00,2026-09-08T15:12:09.728954+03:30,TGJU,زر,صندوق طلای زر,,979999,,965516,14483,1.5,,
2026-09-08T11:42:09.728954+00:00,2026-09-08T15:12:09.728954+03:30,TGJU,زرفام,صندوق طلای زرفام,,168157,,165999,2158,1.3,,
2026-09-08T11:42:09.728954+00:00,2026-09-08T15:12:09.728954+03:30,TGJU,زرگر,صندوق طلای زرگر,,23483,,23193,290,1.25,,
2026-09-08T11:42:09.728954+00:00,2026-09-08T15:12:09.728954+03:30,TGJU,زروان,صندوق طلای زروان,,46535,,45888,647,1.41,,
2026-09-08T11:42:09.728954+00:00,2026-09-08T15:12:09.728954+03:30,TGJU,زمرد,صندوق طلای زمرد,,31950,,31379,571,1.82,,
2026-09-08T11:42:09.728954+00:00,2026-09-08T15:12:09.728954+03:30,TGJU,عیار,صندوق طلای عیار,,649630,,640471,9159,1.43,,
2026-09-08T11:42:09.728954+00:00,2026-09-08T15:12:09.728954+03:30,TGJU,قیراط,صندوق طلای قیراط,,41191,,40638,553,1.36,,
2026-09-08T11:42:09.728954+00:00,2026-09-08T15:12:09.728954+03:30,TGJU,کهربا,صندوق طلای کهربا,,222400,,218876,3524,1.61,,
2026-09-08T11:42:09.728954+00:00,2026-09-08T15:12:09.728954+03:30,TGJU,گلدا,صندوق طلای گلدا,,20550,,20300,250,1.23,,
2026-09-08T11:42:09.728954+00:00,2026-09-08T15:12:09.728954+03:30,TGJU,گلدیس,صندوق طلای گلدیس,,45150,,44430,720,1.62,,
2026-09-08T11:42:09.728954+00:00,2026-09-08T15:12:09.728954+03:30,TGJU,گنج,صندوق طلای گنج,,198521,,195645,2876,1.47,,
2026-09-08T11:42:09.728954+00:00,2026-09-08T15:12:09.728954+03:30,TGJU,گوهر,صندوق طلای گوهر,,1106522,,1088240,18282,1.68,,
2026-09-08T11:42:09.728954+00:00,2026-09-08T15:12:09.728954+03:30,TGJU,لوتوس,صندوق طلای لوتوس,,1635000,,1612426,22574,1.4,,
2026-09-08T11:42:09.728954+00:00,2026-09-08T15:12:09.728954+03:30,TGJU,لیان,صندوق طلای لیان,,42296,,41753,543,1.3,,
2026-09-08T11:42:09.728954+00:00,2026-09-08T15:12:09.728954+03:30,TGJU,مثقال,صندوق طلای مثقال,,186650,,183512,3138,1.71,,
2026-09-08T11:42:09.728954+00:00,2026-09-08T15:12:09.728954+03:30,TGJU,ناب,صندوق طلای ناب,,78401,,77220,1181,1.53,,
2026-09-08T11:42:09.728954+00:00,2026-09-08T15:12:09.728954+03:30,TGJU,نفیس,صندوق طلای نفیس,,135170,,132911,2259,1.7,,
2026-09-08T11:42:09.728954+00:00,2026-09-08T15:12:09.728954+03:30,TGJU,نگین فارس,صندوق طلای نگین فارس,,17739,,17408,331,1.9,,
2026-09-08T11:42:09.728954+00:00,2026-09-08T15:12:09.728954+03:30,TGJU,همیان,صندوق طلای همیان,,20272,,19935,337,1.69,,
2026-09-08T11:42:09.728954+00:00,2026-09-08T15:12:09.728954+03:30,TGJU,میراث,صندوق طلای میراث,,13816,,13656,160,1.17,,
2026-09-08T11:42:09.728954+00:00,2026-09-08T15:12:09.728954+03:30,TGJU,نهال,صندوق طلای نهال,,79496,,77587,1909,2.46,,
2026-09-08T11:42:09.728954+00:00,2026-09-08T15:12:09.728954+03:30,TGJU,سافرون,صندوق طلای سافرون,,78783,,76525,2258,2.95,,
2026-09-09T07:42:15.739650+00:00,2026-09-09T11:12:15.739650+03:30,TGJU,آتش,صندوق طلای آتش,,41195,,41195,0,0,,
2026-09-09T07:42:15.739650+00:00,2026-09-09T11:12:15.739650+03:30,TGJU,آلتون,صندوق طلای آلتون,,73123,,73123,0,0,,
2026-09-09T07:42:15.739650+00:00,2026-09-09T11:12:15.739650+03:30,TGJU,امرالد,صندوق طلای امرالد,,31094,,31094,0,0,,
2026-09-09T07:42:15.739650+00:00,2026-09-09T11:12:15.739650+03:30,TGJU,تابش,صندوق طلای تابش,,93103,,93103,0,0,,
2026-09-09T07:42:15.739650+00:00,2026-09-09T11:12:15.739650+03:30,TGJU,جام طلا,صندوق طلای جام طلا,,20841,,20841,0,0,,
2026-09-09T07:42:15.739650+00:00,2026-09-09T11:12:15.739650+03:30,TGJU,جواهر,صندوق طلای جواهر,,85401,,85401,0,0,,
2026-09-09T07:42:15.739650+00:00,2026-09-09T11:12:15.739650+03:30,TGJU,درخشان,صندوق طلای درخشان,,41740,,41740,0,0,,
2026-09-09T07:42:15.739650+00:00,2026-09-09T11:12:15.739650+03:30,TGJU,درنا,صندوق طلای درنا,,26251,,26251,0,0,,
2026-09-09T07:42:15.739650+00:00,2026-09-09T11:12:15.739650+03:30,TGJU,رز ترنج,صندوق طلای رز ترنج,,28800,,28800,0,0,,
2026-09-09T07:42:15.739650+00:00,2026-09-09T11:12:15.739650+03:30,TGJU,رزگلد,صندوق طلای رزگلد,,21535,,21535,0,0,,
2026-09-09T07:42:15.739650+00:00,2026-09-09T11:12:15.739650+03:30,TGJU,ریتون,صندوق طلای ریتون,,22070,,22070,0,0,,
2026-09-09T07:42:15.739650+00:00,2026-09-09T11:12:15.739650+03:30,TGJU,زر,صندوق طلای زر,,980876,,980876,0,0,,
2026-09-09T07:42:15.739650+00:00,2026-09-09T11:12:15.739650+03:30,TGJU,زرفام,صندوق طلای زرفام,,168220,,168220,0,0,,
2026-09-09T07:42:15.739650+00:00,2026-09-09T11:12:15.739650+03:30,TGJU,زرگر,صندوق طلای زرگر,,23481,,23481,0,0,,
2026-09-09T07:42:15.739650+00:00,2026-09-09T11:12:15.739650+03:30,TGJU,زروان,صندوق طلای زروان,,46627,,46627,0,0,,
2026-09-09T07:42:15.739650+00:00,2026-09-09T11:12:15.739650+03:30,TGJU,زمرد,صندوق طلای زمرد,,31949,,31949,0,0,,
2026-09-09T07:42:15.739650+00:00,2026-09-09T11:12:15.739650+03:30,TGJU,عیار,صندوق طلای عیار,,646989,,646989,0,0,,
2026-09-09T07:42:15.739650+00:00,2026-09-09T11:12:15.739650+03:30,TGJU,قیراط,صندوق طلای قیراط,,41200,,41200,0,0,,
2026-09-09T07:42:15.739650+00:00,2026-09-09T11:12:15.739650+03:30,TGJU,کهربا,صندوق طلای کهربا,,221811,,221811,0,0,,
2026-09-09T07:42:15.739650+00:00,2026-09-09T11:12:15.739650+03:30,TGJU,گلدا,صندوق طلای گلدا,,20535,,20535,0,0,,
2026-09-09T07:42:15.739650+00:00,2026-09-09T11:12:15.739650+03:30,TGJU,گلدیس,صندوق طلای گلدیس,,45150,,45150,0,0,,
2026-09-09T07:42:15.739650+00:00,2026-09-09T11:12:15.739650+03:30,TGJU,گنج,صندوق طلای گنج,,198345,,198345,0,0,,
2026-09-09T07:42:15.739650+00:00,2026-09-09T11:12:15.739650+03:30,TGJU,گوهر,صندوق طلای گوهر,,1106003,,1106003,0,0,,
2026-09-09T07:42:15.739650+00:00,2026-09-09T11:12:15.739650+03:30,TGJU,لوتوس,صندوق طلای لوتوس,,1634700,,1634700,0,0,,
2026-09-09T07:42:15.739650+00:00,2026-09-09T11:12:15.739650+03:30,TGJU,لیان,صندوق طلای لیان,,42309,,42309,0,0,,
2026-09-09T07:42:15.739650+00:00,2026-09-09T11:12:15.739650+03:30,TGJU,مثقال,صندوق طلای مثقال,,186531,,186531,0,0,,
2026-09-09T07:42:15.739650+00:00,2026-09-09T11:12:15.739650+03:30,TGJU,ناب,صندوق طلای ناب,,78346,,78346,0,0,,
2026-09-09T07:42:15.739650+00:00,2026-09-09T11:12:15.739650+03:30,TGJU,نفیس,صندوق طلای نفیس,,134918,,134918,0,0,,
2026-09-09T07:42:15.739650+00:00,2026-09-09T11:12:15.739650+03:30,TGJU,نگین فارس,صندوق طلای نگین فارس,,17774,,17774,0,0,,
2026-09-09T07:42:15.739650+00:00,2026-09-09T11:12:15.739650+03:30,TGJU,همیان,صندوق طلای همیان,,20239,,20239,0,0,,
2026-09-09T07:42:15.739650+00:00,2026-09-09T11:12:15.739650+03:30,TGJU,میراث,صندوق طلای میراث,,13870,,13870,0,0,,
2026-09-09T07:42:15.739650+00:00,2026-09-09T11:12:15.739650+03:30,TGJU,نهال,صندوق طلای نهال,,79140,,79140,0,0,,
2026-09-09T07:42:15.739650+00:00,2026-09-09T11:12:15.739650+03:30,TGJU,سافرون,صندوق طلای سافرون,,78075,,78075,0,0,,
2026-09-09T11:42:41.990357+00:00,2026-09-09T15:12:41.990357+03:30,TGJU,آتش,صندوق طلای آتش,,42483,,41194,1289,3.13,,
2026-09-09T11:42:41.990357+00:00,2026-09-09T15:12:41.990357+03:30,TGJU,آلتون,صندوق طلای آلتون,,75185,,73123,2062,2.82,,
2026-09-09T11:42:41.990357+00:00,2026-09-09T15:12:41.990357+03:30,TGJU,امرالد,صندوق طلای امرالد,,32088,,31093,995,3.2,,
2026-09-09T11:42:41.990357+00:00,2026-09-09T15:12:41.990357+03:30,TGJU,تابش,صندوق طلای تابش,,96139,,93104,3035,3.26,,
2026-09-09T11:42:41.990357+00:00,2026-09-09T15:12:41.990357+03:30,TGJU,جام طلا,صندوق طلای جام طلا,,21500,,20841,659,3.16,,
2026-09-09T11:42:41.990357+00:00,2026-09-09T15:12:41.990357+03:30,TGJU,جواهر,صندوق طلای جواهر,,88150,,85400,2750,3.22,,
2026-09-09T11:42:41.990357+00:00,2026-09-09T15:12:41.990357+03:30,TGJU,درخشان,صندوق طلای درخشان,,43000,,41739,1261,3.02,,
2026-09-09T11:42:41.990357+00:00,2026-09-09T15:12:41.990357+03:30,TGJU,درنا,صندوق طلای درنا,,27063,,26252,811,3.09,,
2026-09-09T11:42:41.990357+00:00,2026-09-09T15:12:41.990357+03:30,TGJU,رز ترنج,صندوق طلای رز ترنج,,29660,,28799,861,2.99,,
2026-09-09T11:42:41.990357+00:00,2026-09-09T15:12:41.990357+03:30,TGJU,رزگلد,صندوق طلای رزگلد,,22194,,21535,659,3.06,,
2026-09-09T11:42:41.990357+00:00,2026-09-09T15:12:41.990357+03:30,TGJU,ریتون,صندوق طلای ریتون,,22830,,22071,759,3.44,,
2026-09-09T11:42:41.990357+00:00,2026-09-09T15:12:41.990357+03:30,TGJU,زر,صندوق طلای زر,,1011000,,980887,30113,3.07,,
2026-09-09T11:42:41.990357+00:00,2026-09-09T15:12:41.990357+03:30,TGJU,زرفام,صندوق طلای زرفام,,173122,,168227,4895,2.91,,
2026-09-09T11:42:41.990357+00:00,2026-09-09T15:12:41.990357+03:30,TGJU,زرگر,صندوق طلای زرگر,,24158,,23482,676,2.88,,
2026-09-09T11:42:41.990357+00:00,2026-09-09T15:12:41.990357+03:30,TGJU,زروان,صندوق طلای زروان,,48100,,46627,1473,3.16,,
2026-09-09T11:42:41.990357+00:00,2026-09-09T15:12:41.990357+03:30,TGJU,زمرد,صندوق طلای زمرد,,32899,,31950,949,2.97,,
2026-09-09T11:42:41.990357+00:00,2026-09-09T15:12:41.990357+03:30,TGJU,عیار,صندوق طلای عیار,,667990,,646964,21026,3.25,,
2026-09-09T11:42:41.990357+00:00,2026-09-09T15:12:41.990357+03:30,TGJU,قیراط,صندوق طلای قیراط,,42600,,41199,1401,3.4,,
2026-09-09T11:42:41.990357+00:00,2026-09-09T15:12:41.990357+03:30,TGJU,کهربا,صندوق طلای کهربا,,228955,,221813,7142,3.22,,
2026-09-09T11:42:41.990357+00:00,2026-09-09T15:12:41.990357+03:30,TGJU,گلدا,صندوق طلای گلدا,,21111,,20536,575,2.8,,
2026-09-09T11:42:41.990357+00:00,2026-09-09T15:12:41.990357+03:30,TGJU,گلدیس,صندوق طلای گلدیس,,46520,,45152,1368,3.03,,
2026-09-09T11:42:41.990357+00:00,2026-09-09T15:12:41.990357+03:30,TGJU,گنج,صندوق طلای گنج,,205150,,198347,6803,3.43,,
2026-09-09T11:42:41.990357+00:00,2026-09-09T15:12:41.990357+03:30,TGJU,گوهر,صندوق طلای گوهر,,1150000,,1105982,44018,3.98,,
2026-09-09T11:42:41.990357+00:00,2026-09-09T15:12:41.990357+03:30,TGJU,لوتوس,صندوق طلای لوتوس,,1691100,,1634703,56397,3.45,,
2026-09-09T11:42:41.990357+00:00,2026-09-09T15:12:41.990357+03:30,TGJU,لیان,صندوق طلای لیان,,43474,,42310,1164,2.75,,
2026-09-09T11:42:41.990357+00:00,2026-09-09T15:12:41.990357+03:30,TGJU,مثقال,صندوق طلای مثقال,,192705,,186531,6174,3.31,,
2026-09-09T11:42:41.990357+00:00,2026-09-09T15:12:41.990357+03:30,TGJU,ناب,صندوق طلای ناب,,80754,,78349,2405,3.07,,
2026-09-09T11:42:41.990357+00:00,2026-09-09T15:12:41.990357+03:30,TGJU,نفیس,صندوق طلای نفیس,,139899,,134920,4979,3.69,,
2026-09-09T11:42:41.990357+00:00,2026-09-09T15:12:41.990357+03:30,TGJU,نگین فارس,صندوق طلای نگین فارس,,18196,,17775,421,2.37,,
2026-09-09T11:42:41.990357+00:00,2026-09-09T15:12:41.990357+03:30,TGJU,همیان,صندوق طلای همیان,,20843,,20240,603,2.98,,
2026-09-09T11:42:41.990357+00:00,2026-09-09T15:12:41.990357+03:30,TGJU,میراث,صندوق طلای میراث,,14470,,13869,601,4.33,,
2026-09-09T11:42:41.990357+00:00,2026-09-09T15:12:41.990357+03:30,TGJU,نهال,صندوق طلای نهال,,79624,,79141,483,0.61,,
2026-09-09T11:42:41.990357+00:00,2026-09-09T15:12:41.990357+03:30,TGJU,سافرون,صندوق طلای سافرون,,78714,,78074,640,0.82,,
2026-09-09T15:43:35.282956+00:00,2026-09-09T19:13:35.282956+03:30,TGJU,آتش,صندوق طلای آتش,,42014,,41194,820,1.99,,
2026-09-09T15:43:35.282956+00:00,2026-09-09T19:13:35.282956+03:30,TGJU,آلتون,صندوق طلای آلتون,,74701,,73122,1579,2.16,,
2026-09-09T15:43:35.282956+00:00,2026-09-09T19:13:35.282956+03:30,TGJU,امرالد,صندوق طلای امرالد,,31694,,31094,600,1.93,,
2026-09-09T15:43:35.282956+00:00,2026-09-09T19:13:35.282956+03:30,TGJU,تابش,صندوق طلای تابش,,94805,,93101,1704,1.83,,
2026-09-09T15:43:35.282956+00:00,2026-09-09T19:13:35.282956+03:30,TGJU,جام طلا,صندوق طلای جام طلا,,21182,,20840,342,1.64,,
2026-09-09T15:43:35.282956+00:00,2026-09-09T19:13:35.282956+03:30,TGJU,جواهر,صندوق طلای جواهر,,87573,,85404,2169,2.54,,
2026-09-09T15:43:35.282956+00:00,2026-09-09T19:13:35.282956+03:30,TGJU,درخشان,صندوق طلای درخشان,,42650,,41740,910,2.18,,
2026-09-09T15:43:35.282956+00:00,2026-09-09T19:13:35.282956+03:30,TGJU,درنا,صندوق طلای درنا,,26899,,26251,648,2.47,,
2026-09-09T15:43:35.282956+00:00,2026-09-09T19:13:35.282956+03:30,TGJU,رز ترنج,صندوق طلای رز ترنج,,29419,,28800,619,2.15,,
2026-09-09T15:43:35.282956+00:00,2026-09-09T19:13:35.282956+03:30,TGJU,رزگلد,صندوق طلای رزگلد,,21930,,21536,394,1.83,,
2026-09-09T15:43:35.282956+00:00,2026-09-09T19:13:35.282956+03:30,TGJU,ریتون,صندوق طلای ریتون,,22592,,22069,523,2.37,,
2026-09-09T15:43:35.282956+00:00,2026-09-09T19:13:35.282956+03:30,TGJU,زر,صندوق طلای زر,,1002006,,980916,21090,2.15,,
2026-09-09T15:43:35.282956+00:00,2026-09-09T19:13:35.282956+03:30,TGJU,زرفام,صندوق طلای زرفام,,171758,,168225,3533,2.1,,
2026-09-09T15:43:35.282956+00:00,2026-09-09T19:13:35.282956+03:30,TGJU,زرگر,صندوق طلای زرگر,,24038,,23481,557,2.37,,
2026-09-09T15:43:35.282956+00:00,2026-09-09T19:13:35.282956+03:30,TGJU,زروان,صندوق طلای زروان,,47556,,46628,928,1.99,,
2026-09-09T15:43:35.282956+00:00,2026-09-09T19:13:35.282956+03:30,TGJU,زمرد,صندوق طلای زمرد,,32638,,31948,690,2.16,,
2026-09-09T15:43:35.282956+00:00,2026-09-09T19:13:35.282956+03:30,TGJU,عیار,صندوق طلای عیار,,660200,,647001,13199,2.04,,
2026-09-09T15:43:35.282956+00:00,2026-09-09T19:13:35.282956+03:30,TGJU,قیراط,صندوق طلای قیراط,,42111,,41200,911,2.21,,
2026-09-09T15:43:35.282956+00:00,2026-09-09T19:13:35.282956+03:30,TGJU,کهربا,صندوق طلای کهربا,,226690,,221810,4880,2.2,,
2026-09-09T15:43:35.282956+00:00,2026-09-09T19:13:35.282956+03:30,TGJU,گلدا,صندوق طلای گلدا,,20936,,20536,400,1.95,,
2026-09-09T15:43:35.282956+00:00,2026-09-09T19:13:35.282956+03:30,TGJU,گلدیس,صندوق طلای گلدیس,,46011,,45149,862,1.91,,
2026-09-09T15:43:35.282956+00:00,2026-09-09T19:13:35.282956+03:30,TGJU,گنج,صندوق طلای گنج,,202440,,198354,4086,2.06,,
2026-09-09T15:43:35.282956+00:00,2026-09-09T19:13:35.282956+03:30,TGJU,گوهر,صندوق طلای گوهر,,1133540,,1106001,27539,2.49,,
2026-09-09T15:43:35.282956+00:00,2026-09-09T19:13:35.282956+03:30,TGJU,لوتوس,صندوق طلای لوتوس,,1670100,,1634629,35471,2.17,,
2026-09-09T15:43:35.282956+00:00,2026-09-09T19:13:35.282956+03:30,TGJU,لیان,صندوق طلای لیان,,43030,,42311,719,1.7,,
2026-09-09T15:43:35.282956+00:00,2026-09-09T19:13:35.282956+03:30,TGJU,مثقال,صندوق طلای مثقال,,190598,,186532,4066,2.18,,
2026-09-09T15:43:35.282956+00:00,2026-09-09T19:13:35.282956+03:30,TGJU,ناب,صندوق طلای ناب,,79912,,78345,1567,2,,
2026-09-09T15:43:35.282956+00:00,2026-09-09T19:13:35.282956+03:30,TGJU,نفیس,صندوق طلای نفیس,,138304,,134918,3386,2.51,,
2026-09-09T15:43:35.282956+00:00,2026-09-09T19:13:35.282956+03:30,TGJU,نگین فارس,صندوق طلای نگین فارس,,18035,,17774,261,1.47,,
2026-09-09T15:43:35.282956+00:00,2026-09-09T19:13:35.282956+03:30,TGJU,همیان,صندوق طلای همیان,,20620,,20239,381,1.88,,
2026-09-09T15:43:35.282956+00:00,2026-09-09T19:13:35.282956+03:30,TGJU,میراث,صندوق طلای میراث,,14300,,13870,430,3.1,,
2026-09-09T15:43:35.282956+00:00,2026-09-09T19:13:35.282956+03:30,TGJU,نهال,صندوق طلای نهال,,77976,,76831,1145,1.49,,
2026-09-09T15:43:35.282956+00:00,2026-09-09T19:13:35.282956+03:30,TGJU,سافرون,صندوق طلای سافرون,,77200,,76337,863,1.13,,
